player,role,hero,hero role,cfp,time_in_sec,rating,winrate,tierate,lossrate,fwin,ftie,floss,ptk,ptk_comp_to_avg,kills_per_10,kills_per_10_comp_to_avg,deaths_per_10,deaths_per_10_comp_to_avg,ults_per_10,ults_per_10_comp_to_avg,ttcu,ttcu_comp_to_avg,kpu,kpu_comp_to_avg,ult_eff,ult_eff_comp_to_avg,fights_fought,first_kills,first_kills_comp_to_avg,first_deaths,first_deaths_comp_to_avg,hsk,hsk_comp_to_avg,ult_kills,ult_kills_comp_to_avg,ttcfu,ttcfu_comp_to_avg,tuh,tuh_comp_to_avg,uoof,uoof_comp_to_avg
Seagull,Flex,Hanzo,defense,9,1251,882,0.44,0,0.56,0.52,0.08,0.4,0.235,-0.14,11.51,0.15,7.19,0.39,3.84,0,79,0.05,0,0,-27,-5.03,25,0.16,-0.12,0.08,-0.22,0,0,0,0,72,-0.05,39,0.33,0,0
Seagull,flex,Junkrat,defense,26,12823,954,0.56,0.08,0.36,0.508,0.046,0.447,0.285,-0.03,11.04,0.06,7.39,0.14,4.35,-0.06,83,0.04,0,0,6.2,-0.1,262,0.153,-0.23,0.095,-0.11,0,0,0,0,87,0.04,31,0.66,0.091,-0.28
Seagull,flex,Pharah,offense,70,1110,1086,0.62,0,0.38,0.4,0.24,0.36,0.27,-0.06,10.81,0.06,6.49,0.05,5.95,0.65,65,-0.29,0,0,37.8,2.18,25,0.12,-0.26,0.08,-0.05,0,0,0,0,73,-0.22,18,-0.42,0.2,2.57
Seagull,flex,Genji,offense,111,2689,1152,0.2,0,0.8,0.397,0.069,0.534,0.309,0.25,11.38,0.31,6.92,0.13,4.69,0.28,80,-0.16,0,0,18.2,0.61,58,0.138,0.05,0.103,0.12,0,0,0,0,84,-0.12,25,-0.19,0.048,0.3
TviQ,dps,Widowmaker,defense,42,5356,880,0.41,0,0.59,0.518,0.018,0.464,0.257,0,8.74,-0.03,7.84,0.32,4.14,-0.02,86,0.05,0,0,9.1,0.28,112,0.196,0.02,0.17,0.48,0,0,0,0,78,-0.05,4,-0.51,0.378,0.29
TviQ,dps,Tracer,offense,151,4162,648,0.51,0,0.49,0.391,0.08,0.529,0.239,-0.05,7.78,-0.12,9.08,0.57,6.78,0.28,67,-0.05,0,0,6.1,0.17,87,0.092,-0.3,0.138,0.6,0,0,0,0,70,-0.1,10,-0.58,0.125,0.58
TviQ,dps,Genji,offense,111,6627,873,0.05,0,0.95,0.296,0.056,0.648,0.273,0.1,7.7,-0.11,8.24,0.35,3.71,0.01,97,0.03,0,0,17.8,0.58,125,0.12,-0.08,0.104,0.13,0,0,0,0,90,-0.06,30,-0.06,0.053,0.43
TviQ,dps,Junkrat,defense,26,7848,864,0.17,0.09,0.74,0.455,0.066,0.479,0.32,0.09,9.4,-0.1,6.96,0.07,3.98,-0.14,86,0.07,0,0,-3.6,-1.52,167,0.204,0.03,0.084,-0.21,0,0,0,0,87,0.04,26,0.38,0.078,-0.39
TviQ,dps,Soldier: 76,offense,148,3402,567,0.17,0,0.83,0.391,0.043,0.565,0.171,-0.28,4.76,-0.4,9.35,0.61,3.17,-0.1,86,-0.11,0,0,10.9,0.47,69,0.043,-0.64,0.116,0.23,0,0,0,0,87,-0.1,56,0.77,0,0
TviQ,dps,Mccree,offense,67,1994,586,0.11,0,0.89,0.341,0.136,0.523,0.214,-0.2,6.62,-0.3,9.63,0.43,3.91,0.03,88,0.15,0,0,5.9,-0.42,44,0.091,-0.43,0.091,-0.24,0,0,0,0,78,-0.04,32,0.1,0,0
TviQ,dps,Pharah,offense,70,4463,948,0.14,0,0.86,0.411,0.063,0.526,0.274,-0.05,9.68,-0.05,5.92,-0.04,2.82,-0.22,98,0.07,0,0,8.9,-0.25,95,0.179,0.1,0.053,-0.37,0,0,0,0,97,0.03,73,1.28,0.059,0.05
TviQ,dps,Sombra,offense,60,992,1022,0.24,0.29,0.47,0.2,0,0.8,0.216,0.53,4.84,0.01,4.84,-0.14,4.23,-0.2,79,0.18,0,0,-3.3,-1.54,20,0.15,0.88,0.05,-0.46,0,0,0,0,77,0.15,38,0.55,0,0
aKm,dps,Soldier: 76,offense,148,2590,1214,0.77,0,0.23,0.611,0.037,0.352,0.249,0.05,10.89,0.38,6.02,0.04,4.4,0.24,90,-0.07,0,0,20.1,1.72,54,0.13,0.1,0.13,0.38,0,0,0,0,90,-0.07,19,-0.4,0,0
aKm,dps,Pharah,offense,70,903,1071,0.84,0,0.16,0.65,0.1,0.25,0.333,0.15,13.29,0.31,5.98,-0.03,3.32,-0.08,99,0.08,0,0,35,1.94,20,0.2,0.23,0.15,0.79,0,0,0,0,101,0.07,24,-0.24,0,0
uNKOE,Support,Zenyatta,support,112,20447,1024,0.51,0.2,0.29,0.5,0.056,0.444,0.1,-0.05,3.64,-0.02,6.19,0,3.7,0.08,102,0,0,0,6.9,0.1,410,0.049,-0.11,0.085,-0.2,0,0,0,0,105,-0.01,35,0.16,0.091,0.12
uNKOE,Support,Mercy,support,73,9897,1001,0.69,0,0.31,0.507,0.07,0.423,0.01,0.4,0.42,0.64,5.03,0,3.82,0.02,99,0.03,0,0,5.2,0.16,201,0,0,0.055,-0.14,0,0,0,0,81,-0.11,33,0.1,0,0
uNKOE,Support,Moira,support,12,1926,1009,0.61,0.13,0.26,0.477,0,0.523,0.049,-0.44,1.56,-0.47,5.3,-0.07,5.3,-0.02,69,0.06,0,0,5.6,-0.38,44,0,0,0.159,0.67,0,0,0,0,59,-0.01,24,0.42,0.063,-0.53
Taimou,Off Tank,Roadhog,tank,90,6404,1324,0.46,0.09,0.45,0.492,0.063,0.444,0.259,0.08,11.24,0.42,5.06,-0.13,5.34,0.8,79,-0.27,0,0,10.3,1.34,126,0.111,-0.25,0.04,-0.55,0,0,0,0,92,-0.19,16,-0.47,0.158,0.84
Taimou,dps,Soldier: 76,offense,148,2586,662,0.07,0.27,0.66,0.3,0,0.7,0.2,-0.16,5.57,-0.29,7.66,0.32,3.94,0.11,101,0.04,0,0,16.2,1.19,50,0.04,-0.66,0.16,0.7,0,0,0,0,111,0.14,25,-0.2,0.118,1.11
Taimou,dps,Junkrat,defense,26,2337,952,0.13,0.14,0.73,0.438,0.021,0.542,0.333,0.14,10.27,-0.02,7.19,0.11,3.59,-0.22,89,0.11,0,0,10.8,0.57,48,0.292,0.47,0.125,0.17,0,0,0,0,81,-0.03,15,-0.19,0.071,-0.44
Taimou,dps,Widowmaker,defense,42,5359,894,0.26,0.02,0.72,0.405,0.063,0.532,0.245,-0.04,8.17,-0.09,6.61,0.11,5.04,0.19,82,0.01,0,0,11.3,0.59,111,0.153,-0.2,0.108,-0.06,0,0,0,0,96,0.17,4,-0.51,0.279,-0.04
Taimou,dps,Mccree,offense,67,5604,929,0.22,0.08,0.7,0.358,0.108,0.533,0.26,-0.03,8.99,-0.05,7.71,0.14,4.07,0.07,73,-0.04,0,0,8.6,-0.15,120,0.125,-0.22,0.1,-0.17,0,0,0,0,74,-0.09,40,0.38,0.206,0.61
Taimou,Tank,Winston,tank,123,2398,964,0.62,0,0.38,0.545,0.073,0.382,0.15,-0.15,5.75,-0.06,5,-0.19,3.75,0.14,117,0.07,0,0,5.5,-0.08,55,0.073,-0.1,0.073,-0.26,0,0,0,0,118,0.05,18,-0.42,0.067,-0.21
chipshajen,Support,Mercy,support,73,27322,950,0.35,0.08,0.58,0.426,0.056,0.518,0.009,0.18,0.31,0.19,5.42,0.08,3.73,0,97,0.01,0,0,0.5,-0.89,554,0,0,0.051,-0.2,0,0,0,0,86,-0.05,30,0.02,0.071,0.09
chipshajen,Support,Zenyatta,support,112,1834,740,0,0,1,0.282,0.077,0.641,0.141,0.35,4.25,0.14,8.83,0.42,2.62,-0.24,109,0.07,0,0,-8.2,-2.3,39,0.051,-0.07,0.128,0.21,0,0,0,0,106,0,56,0.89,0.375,3.63
HarryHook,offense,Bastion,defense,4,1339,1186,0.31,0,0.69,0.615,0.115,0.269,0.242,0.06,13.44,0.5,5.38,-0.27,3.58,0.21,98,0.05,0,0,5.1,-0.55,26,0.308,1.57,0.038,-0.71,0,0,0,0,96,0.02,42,0.35,0,0
HarryHook,Support,Mercy,support,73,4344,846,0.59,0.1,0.31,0.386,0.068,0.545,0.012,0.66,0.41,0.6,5.94,0.19,3.87,0.03,104,0.08,0,0,-5.3,-2.18,88,0,0,0.057,-0.11,0,0,0,0,99,0.09,19,-0.37,0.037,-0.43
HarryHook,Support,Lucio,support,134,6365,1009,0.28,0.13,0.59,0.476,0.032,0.492,0.078,0.11,3.11,0.29,6.69,0.23,3.68,0.27,100,-0.16,0,0,7.6,0.09,124,0.073,1.81,0.073,0.11,0,0,0,0,105,-0.13,22,-0.24,0.081,0.35
HarryHook,Support,Zenyatta,support,112,16105,1013,0.3,0.05,0.65,0.401,0.069,0.53,0.114,0.09,3.84,0.03,6.52,0.05,4.1,0.19,92,-0.1,0,0,3.1,-0.51,334,0.048,-0.13,0.105,-0.01,0,0,0,0,96,-0.09,29,-0.02,0.118,0.46
HarryHook,Support,Ana,support,112,1010,1285,1,0,0,0.789,0.053,0.158,0.065,0.17,2.97,0.65,4.16,-0.25,4.16,0.01,94,0.08,0,0,-7.5,-2.01,19,0.053,1.21,0,0,0,0,0,0,86,0.02,14,-0.53,0,0
cocco,Tank,Reinhardt,tank,82,1189,1079,0.33,0.47,0.21,0.522,0,0.478,0.145,-0.13,6.06,0.09,8.58,0.28,3.53,0.02,72,-0.26,0,0,-32.2,-5.02,23,0.087,0.01,0.174,0.39,0,0,0,0,93,-0.11,25,-0.28,0,0
cocco,Tank,Winston,tank,123,12384,805,0.21,0.04,0.76,0.328,0.09,0.582,0.155,-0.12,4.94,-0.19,7.8,0.26,3.73,0.13,103,-0.05,0,0,8.9,0.48,244,0.049,-0.4,0.127,0.3,0,0,0,0,117,0.04,20,-0.36,0.132,0.55
cocco,Tank,Orisa,tank,18,13859,882,0.5,0.09,0.42,0.509,0.042,0.45,0.074,-0.19,2.86,-0.13,7.01,0.19,2.81,0.07,125,0.05,0,0,17.7,1.68,289,0.042,-0.02,0.09,0.29,0,0,0,0,127,0,30,0.59,0.048,-0.54
Dayfly,Support,Mercy,support,73,3631,758,0.06,0,0.94,0.287,0.025,0.688,0,-1,0,-1,6.28,0.25,3.97,0.06,104,0.08,0,0,4.6,0.02,80,0,0,0.1,0.56,NaN,NaN,NaN,NaN,95,0.05,18,-0.38,0.042,-0.35
Dayfly,Support,Zenyatta,support,112,2293,1255,0.42,0,0.58,0.574,0.021,0.404,0.124,0.19,4.97,0.34,6.28,0.01,4.45,0.3,92,-0.09,0,0,-15.8,-3.51,47,0.064,0.16,0.064,-0.4,0,0,0,0,99,-0.07,27,-0.11,0.063,-0.22
Bunny,dps,Tracer,offense,151,16951,988,0.57,0,0.43,0.51,0.053,0.437,0.256,0.01,8.92,0.01,5.2,-0.1,6.09,0.15,77,0.09,0,0,0.4,-0.92,341,0.147,0.12,0.067,-0.22,0,0,0,0,74,-0.04,22,-0.1,0.124,0.57
zunba,flex,D.Va,tank,148,33347,1059,0.57,0.06,0.37,0.507,0.053,0.44,0.206,0.15,7.43,0.22,5.06,0.1,0,-1,NaN,NaN,NaN,NaN,NaN,NaN,679,0.096,0.28,0.044,0.29,0,0,0,0,NaN,NaN,NaN,NaN,NaN,NaN
Gamsu,tank,Orisa,tank,18,2758,1065,0.52,0,0.48,0.574,0.016,0.41,0.099,0.09,3.92,0.2,5.44,-0.08,3.26,0.24,87,-0.27,0,0,24.4,2.7,61,0.016,-0.63,0.016,-0.77,0,0,0,0,76,-0.4,7,-0.61,0.2,0.92
Gamsu,tank,Winston,tank,123,33736,920,0.5,0,0.5,0.488,0.049,0.464,0.171,-0.03,6.53,0.06,7.29,0.18,3.77,0.14,104,-0.04,0,0,2.1,-0.65,658,0.065,-0.2,0.112,0.14,0,0,0,0,111,-0.02,22,-0.27,0.117,0.38
Gamsu,tank,Reinhardt,tank,82,3195,1057,0.19,0,0.81,0.443,0.057,0.5,0.182,0.09,6.39,0.14,7.51,0.12,4.13,0.19,91,-0.07,0,0,-7.4,-1.92,70,0.057,-0.34,0.143,0.14,0,0,0,0,92,-0.12,30,-0.16,0,0
Rascal,dps,Junkrat,defense,26,2020,1129,0.89,0,0.11,0.744,0.116,0.14,0.247,-0.16,10.69,0.02,5.35,-0.18,4.46,-0.04,85,0.06,0,0,7.4,0.07,43,0.186,-0.06,0.07,-0.35,0,0,0,0,85,0.02,34,0.8,0.077,-0.39
Rascal,dps,Genji,offense,111,1481,696,0.23,0,0.77,0.313,0.031,0.656,0.24,-0.03,7.29,-0.16,9.32,0.53,2.84,-0.23,111,0.18,0,0,28.8,1.55,32,0.063,-0.52,0.188,1.04,0,0,0,0,119,0.24,41,0.3,0,0
Birdring,dps,Tracer,offense,151,16326,939,0.62,0,0.38,0.462,0.063,0.474,0.241,-0.05,9,0.02,6.14,0.06,5.22,-0.01,68,-0.04,0,0,9.7,0.87,331,0.139,0.06,0.106,0.23,0,0,0,0,82,0.06,27,0.1,0.144,0.82
Birdring,dps,Widowmaker,defense,42,10950,1083,0.75,0,0.25,0.622,0.057,0.322,0.265,0.03,10.03,0.12,4.88,-0.18,4.71,0.11,78,-0.04,0,0,-0.5,-1.07,230,0.178,-0.07,0.083,-0.28,0,0,0,0,79,-0.03,6,-0.23,0.247,-0.15
Birdring,dps,Genji,offense,111,1945,962,0.56,0,0.44,0.432,0,0.568,0.235,-0.05,8.64,0,9.25,0.52,4.01,0.1,74,-0.22,0,0,31.8,1.81,37,0.054,-0.59,0.135,0.47,0,0,0,0,89,-0.07,10,-0.7,0.077,1.08
Birdring,dps,Mccree,offense,67,6085,1024,0.57,0,0.43,0.548,0.071,0.381,0.241,-0.1,9.17,-0.03,6.61,-0.02,3.55,-0.07,79,0.04,0,0,16.1,0.59,126,0.183,0.14,0.087,-0.27,0,0,0,0,87,0.07,37,0.27,0.265,1.07
Birdring,off tank,Roadhog,tank,90,1097,1311,0.53,0,0.47,0.545,0,0.455,0.351,0.47,10.94,0.38,3.83,-0.34,2.73,-0.08,96,-0.11,0,0,45.5,9.34,22,0.182,0.23,0.045,-0.49,0,0,0,0,92,-0.19,40,0.36,0,0
Birdring,dps,Soldier: 76,offense,148,4369,1160,0.62,0,0.38,0.652,0.045,0.303,0.212,-0.1,8.51,0.08,4.39,-0.24,4.67,0.32,88,-0.09,0,0,0,0,89,0.157,0.33,0.079,-0.16,0,0,0,0,95,-0.01,12,-0.62,0.265,3.73
ryujehong,Support,Ana,support,112,2269,1691,0.52,0.15,0.33,0.533,0.089,0.378,0.124,1.24,5.55,2.08,7.14,0.29,4.76,0.15,83,-0.04,0,0,8.2,0.11,45,0.133,4.54,0.111,0.31,0,0,0,0,86,0.02,21,-0.31,0.056,0.04
ryujehong,Support,Zenyatta,support,112,26851,1145,0.7,0.03,0.27,0.565,0.045,0.39,0.113,0.07,4.22,0.14,5.47,-0.12,3.82,0.11,96,-0.06,0,0,1.9,-0.7,556,0.047,-0.15,0.083,-0.22,0,0,0,0,100,-0.06,37,0.25,0.049,-0.4
ryujehong,Support,Mercy,support,73,5297,1142,0.49,0.2,0.32,0.505,0.075,0.421,0.031,3.29,1.13,3.37,4.19,-0.16,3.96,0.06,88,-0.08,0,0,2.9,-0.36,107,0,0,0.028,-0.56,0,0,0,0,82,-0.09,32,0.08,0.114,0.75
tobi,Support,Mercy,support,73,28138,1025,0.62,0.04,0.34,0.539,0.043,0.417,0.009,0.16,0.32,0.23,4.58,-0.08,3.82,0.02,101,0.05,0,0,12.1,1.69,575,0,0,0.056,-0.12,0,0,0,0,91,0,28,-0.07,0.096,0.48
tobi,Support,Lucio,support,134,9506,1166,0.74,0,0.26,0.503,0.067,0.431,0.089,0.27,3.16,0.31,4.42,-0.19,3.6,0.24,108,-0.09,0,0,1,-0.86,195,0.041,0.58,0.062,-0.06,0,0,0,0,110,-0.09,25,-0.15,0.107,0.78
Miro,tank,Winston,tank,123,27688,1013,0.57,0.07,0.36,0.533,0.046,0.422,0.152,-0.14,5.55,-0.1,4.66,-0.25,3.75,0.14,113,0.03,0,0,0.4,-0.93,567,0.065,-0.2,0.093,-0.05,0,0,0,0,119,0.06,27,-0.13,0.119,0.4
Miro,tank,Orisa,tank,18,2100,695,0.46,0.09,0.45,0.467,0.044,0.489,0.063,-0.31,2,-0.39,8.57,0.45,1.14,-0.57,136,0.14,0,0,-21.7,-4.29,45,0.022,-0.49,0.178,1.54,0,0,0,0,136,0.07,9,-0.53,0,0
MekO,off tank,Roadhog,tank,90,6460,998,0.63,0,0.37,0.562,0.031,0.408,0.23,-0.04,8.17,0.03,5.85,0.01,3.25,0.09,102,-0.05,0,0,-2.3,-1.52,130,0.146,-0.01,0.092,0.05,0,0,0,0,107,-0.06,33,0.13,0.036,-0.58
MekO,off tank,D.Va,tank,148,37888,1101,0.63,0.05,0.32,0.543,0.059,0.399,0.189,0.06,7.17,0.18,4.42,-0.04,0,-1,NaN,NaN,NaN,NaN,NaN,NaN,750,0.088,0.17,0.035,0.03,0,0,0,0,NaN,NaN,NaN,NaN,NaN,NaN
Saebyeolbe,dps,Mccree,offense,67,3761,1004,0.66,0.08,0.26,0.583,0.042,0.375,0.251,-0.06,9.89,0.05,7.5,0.11,4.79,0.26,69,-0.1,0,0,4.2,-0.58,72,0.097,-0.39,0.181,0.51,0,0,0,0,73,-0.11,33,0.14,0.107,-0.16
Saebyeolbe,dps,Widowmaker,defense,42,5168,922,0.51,0,0.49,0.577,0.019,0.404,0.255,0,8.13,-0.09,6.27,0.06,4.3,0.01,90,0.1,0,0,-7.7,-2.08,104,0.154,-0.2,0.106,-0.08,0,0,0,0,89,0.09,14,0.74,0.444,0.52
Saebyeolbe,dps,Tracer,offense,151,24200,996,0.58,0.03,0.39,0.49,0.069,0.442,0.243,-0.04,8.8,-0.01,4.61,-0.21,5.63,0.06,80,0.13,0,0,-0.3,-1.06,480,0.121,-0.08,0.071,-0.17,0,0,0,0,78,0.01,23,-0.06,0.072,-0.09
janus,tank,Winston,tank,123,18476,913,0.57,0.05,0.38,0.509,0.073,0.418,0.156,-0.12,5.55,-0.09,5.88,-0.05,3.67,0.11,111,0.01,0,0,-3.9,-1.65,371,0.067,-0.17,0.127,0.3,0,0,0,0,114,0.01,26,-0.14,0.064,-0.25
janus,tank,Orisa,tank,18,1714,969,0.48,0,0.52,0.694,0,0.306,0.091,0,3.15,-0.04,4.2,-0.29,2.45,-0.07,134,0.12,0,0,-40.9,-7.2,36,0,0,0,0,0,0,0,0,134,0.05,17,-0.1,0,0
KuKi,tank,Orisa,tank,18,1166,847,1,0,0,0.476,0,0.524,0.105,0.16,3.09,-0.06,5.66,-0.04,1.54,-0.42,164,0.37,0,0,52.4,6.94,21,0,0,0.048,-0.31,0,0,0,0,164,0.29,63,2.32,0,0
KuKi,tank,Winston,tank,123,9223,904,0.78,0,0.22,0.5,0.074,0.426,0.144,-0.19,5.4,-0.12,6.96,0.12,3.71,0.13,110,0.01,0,0,9.6,0.6,188,0.005,-0.94,0.106,0.08,0,0,0,0,112,0,25,-0.18,0.053,-0.38
munchkin,dps,Soldier: 76,tank,148,1137,1088,0.38,0.5,0.12,0.56,0,0.44,0.246,0.04,8.44,0.07,7.39,0.27,5.8,0.64,70,-0.27,0,0,-11.6,-2.57,25,0.04,-0.66,0.04,-0.57,0,0,0,0,78,-0.2,27,-0.16,0.091,0.63
munchkin,dps,Tracer,offense,151,12285,956,0.69,0.1,0.21,0.52,0.052,0.429,0.227,-0.1,8.35,-0.06,5.86,0.01,6.94,0.31,67,-0.05,0,0,3.5,-0.33,252,0.103,-0.21,0.091,0.06,0,0,0,0,77,0,15,-0.38,0.092,0.16
Surefour,dps,Tracer,offense,151,7783,871,0.44,0,0.56,0.387,0.09,0.523,0.272,0.08,8.4,-0.05,6.01,0.04,4.93,-0.07,79,0.12,0,0,1.7,-0.67,155,0.161,0.23,0.129,0.5,0,0,0,0,76,-0.01,25,0.03,0.019,-0.76
Surefour,dps,Widowmaker,defense,42,3261,989,0.5,0,0.5,0.531,0.094,0.375,0.279,0.09,9.2,0.03,5.52,-0.07,4.78,0.13,80,-0.01,0,0,10.5,0.48,64,0.188,-0.02,0.141,0.23,0,0,0,0,80,-0.02,4,-0.47,0.115,-0.61
Surefour,dps,Genji,offense,111,2271,1209,0.44,0,0.56,0.413,0.065,0.522,0.317,0.28,10.04,0.16,5.28,-0.13,5.02,0.37,67,-0.3,0,0,28.7,1.54,46,0.065,-0.5,0.13,0.41,0,0,0,0,75,-0.22,23,-0.26,0.222,5
Surefour,dps,Junkrat,defense,26,1102,1059,0.4,0,0.6,0.56,0.08,0.36,0.24,-0.18,9.8,-0.06,4.36,-0.33,5.99,0.3,66,-0.18,0,0,-6,-1.87,25,0.24,0.21,0.12,0.12,0,0,0,0,62,-0.26,11,-0.44,0.182,0.43
Surefour,dps,Pharah,offense,70,2107,1043,0.6,0,0.4,0.386,0.068,0.545,0.301,0.04,10.54,0.04,7.12,0.15,3.99,0.11,74,-0.19,0,0,25,1.1,44,0.182,0.12,0.045,-0.46,0,0,0,0,81,-0.14,39,0.23,0,0
Surefour,dps,Soldier: 76,offense,148,4566,898,0.28,0,0.72,0.411,0.044,0.544,0.238,0,6.44,-0.18,6.7,0.16,3.81,0.08,84,-0.13,0,0,8.9,0.2,90,0.156,0.32,0.1,0.06,0,0,0,0,89,-0.08,32,0,0.148,1.64
Surefour,off tank,Zarya,tank,116,1317,1084,0.35,0,0.65,0.387,0.032,0.581,0.227,0.3,6.83,0.14,5.92,0.06,3.64,0.31,100,-0.13,0,0,11.3,-0.16,31,0.032,-0.54,0.032,-0.54,0,0,0,0,102,-0.13,28,0.02,0,0
Surefour,dps,Mccree,offense,67,2301,1125,0.12,0,0.88,0.5,0.111,0.389,0.294,0.1,10.95,0.16,5.74,-0.15,4.43,0.17,58,-0.24,0,0,-19.2,-2.9,54,0.167,0.04,0.111,-0.07,0,0,0,0,59,-0.28,38,0.32,0.063,-0.51
Custa,Support,Mercy,support,73,3806,1005,0.18,0.06,0.76,0.463,0.088,0.45,0.015,1.04,0.63,1.43,4.73,-0.06,3.78,0.01,95,-0.02,0,0,-0.8,-1.18,80,0,0,0.05,-0.22,0,0,0,0,94,0.03,31,0.05,0.043,-0.34
Custa,Support,Zenyatta,support,112,13110,1039,0.63,0.11,0.26,0.507,0.051,0.442,0.103,-0.01,4.07,0.09,6.18,-0.01,3.62,0.05,108,0.06,0,0,10.8,0.71,274,0.047,-0.15,0.077,-0.27,0,0,0,0,111,0.05,27,-0.1,0.078,-0.04
Custa,Support,Moira,support,12,1622,1473,0.46,0.35,0.19,0.581,0.032,0.387,0.12,0.39,4.81,0.65,3.7,-0.35,7.03,0.31,60,-0.07,0,0,6.6,-0.27,31,0,0,0.032,-0.66,0,0,0,0,48,-0.18,9,-0.48,0,0
Custa,Support,Lucio,support,134,1098,933,0.03,0,0.97,0.471,0,0.529,0.074,0.05,3.28,0.36,7.65,0.41,3.28,0.13,115,-0.03,0,0,19.6,1.8,17,0.059,1.27,0,0,0,0,0,0,120,-0.01,16,-0.47,0,0
coolmatt,off tank,D.Va,tank,148,36342,1090,0.67,0,0.33,0.525,0.039,0.436,0.214,0.19,7.86,0.29,5.22,0.13,0,-1,NaN,NaN,NaN,NaN,NaN,NaN,748,0.083,0.11,0.028,-0.18,0,0,0,0,NaN,NaN,NaN,NaN,NaN,NaN
clockwork,dps,Tracer,offense,151,5942,739,0.46,0,0.54,0.397,0.052,0.552,0.222,-0.12,6.77,-0.24,6.26,0.08,5.45,0.03,75,0.06,0,0,-10.7,-3.06,116,0.121,-0.08,0.06,-0.3,0,0,0,0,77,-0.01,24,-0.02,0.044,-0.44
clockwork,dps,Soldier: 76,offense,148,2368,772,0.58,0,0.42,0.553,0.021,0.426,0.203,-0.14,7.09,-0.1,7.85,0.36,3.55,0,104,0.08,0,0,-5.3,-1.72,47,0.064,-0.46,0.17,0.81,0,0,0,0,106,0.09,19,-0.39,0,0
clockwork,dps,Widowmaker,defense,42,1307,847,0.49,0,0.51,0.419,0.032,0.548,0.29,0.13,9.18,0.02,8.26,0.39,2.75,-0.35,89,0.1,0,0,-41.9,-6.9,31,0.29,0.51,0.097,-0.16,0,0,0,0,82,0,13,0.55,0.667,1.28
Agilities,dps,Genji,offense,111,12266,1088,0.48,0.06,0.46,0.473,0.053,0.473,0.268,0.08,9.78,0.13,6.26,0.03,4.4,0.2,78,-0.17,0,0,15.4,0.36,243,0.086,-0.34,0.111,0.21,0,0,0,0,81,-0.15,36,0.15,0.071,0.92
Agilities,dps,Junkrat,defense,26,6177,1060,0.7,0.06,0.24,0.543,0.054,0.403,0.283,-0.03,10.3,-0.01,6.61,0.02,4.86,0.05,81,0,0,0,12.4,0.8,129,0.194,-0.02,0.085,-0.21,0,0,0,0,81,-0.03,13,-0.28,0.14,0.1
Agilities,off tank,Roadhog,tank,90,2878,1206,0.61,0,0.39,0.508,0.016,0.475,0.225,-0.06,8.76,0.11,4.59,-0.21,3.96,0.33,91,-0.16,0,0,-8,-2.82,61,0.164,0.11,0.016,-0.82,0,0,0,0,94,-0.17,35,0.21,0.063,-0.27
Agilities,dps,Pharah,offense,70,3717,846,0.44,0,0.56,0.479,0.085,0.437,0.246,-0.15,9.52,-0.06,7.1,0.15,3.71,0.03,94,0.03,0,0,12.1,0.02,71,0.085,-0.48,0.127,0.51,0,0,0,0,97,0.03,38,0.19,0,0
ShaDowBurn,dps,Genji,offense,111,19798,1038,0.47,0.03,0.5,0.418,0.059,0.523,0.309,0.25,11.09,0.28,7.06,0.16,3.79,0.04,94,0,0,0,10.3,-0.09,390,0.144,0.1,0.105,0.14,0,0,0,0,98,0.02,44,0.38,0.055,0.49
ShaDowBurn,dps,Tracer,offense,151,1660,760,0.05,0,0.95,0.351,0.054,0.595,0.214,-0.15,6.87,-0.22,7.95,0.37,3.98,-0.25,82,0.15,0,0,7.7,0.48,37,0.108,-0.18,0.108,0.26,0,0,0,0,70,-0.1,29,0.17,0.125,0.58
ShaDowBurn,dps,Pharah,offense,70,5487,1143,0.47,0.05,0.49,0.509,0.053,0.439,0.302,0.05,11.59,0.14,4.92,-0.2,3.61,0,72,-0.21,0,0,9.8,-0.18,114,0.175,0.08,0.026,-0.69,0,0,0,0,78,-0.18,52,0.62,0.097,0.73
ShaDowBurn,dps,Junkrat,defense,26,5304,938,0.39,0,0.61,0.5,0.037,0.463,0.296,0.01,9.16,-0.12,6,-0.08,3.73,-0.19,92,0.15,0,0,22.4,2.25,108,0.176,-0.11,0.093,-0.13,0,0,0,0,92,0.1,16,-0.17,0.061,-0.52
ShaDowBurn,off tank,Zarya,tank,116,1567,1001,0.49,0.1,0.42,0.531,0.031,0.438,0.224,0.28,9.19,0.53,7.66,0.37,4.21,0.51,86,-0.25,0,0,13.5,0.01,32,0.063,-0.1,0.125,0.81,0,0,0,0,76,-0.35,5,-0.83,0.182,2.87
Rawkus,Support,Zenyatta,support,112,30156,1023,0.68,0,0.32,0.527,0.042,0.431,0.088,-0.16,3.24,-0.13,6.01,-0.03,3.78,0.1,94,-0.07,0,0,2.7,-0.57,615,0.041,-0.25,0.078,-0.26,0,0,0,0,100,-0.05,42,0.4,0.054,-0.33
Rawkus,Support,Mercy,support,73,1263,901,0.42,0,0.58,0.296,0,0.704,0,-1,0,-1,7.13,0.42,3.33,-0.11,74,-0.23,0,0,3.7,-0.18,27,0,0,0.074,0.16,NaN,NaN,NaN,NaN,90,-0.01,20,-0.33,0.143,1.2
Rawkus,Support,Moira,support,12,1170,1165,0.8,0,0.2,0.4,0.12,0.48,0.127,0.47,3.59,0.23,5.64,0,5.64,0.05,66,0.01,0,0,4.4,-0.52,25,0.04,0.48,0.12,0.26,0,0,0,0,49,-0.17,10,-0.38,0.091,-0.32
Rawkus,dps,Bastion,defense,4,988,978,1,0,0,0.783,0,0.217,0.204,-0.1,11.54,0.29,5.47,-0.26,3.04,0.03,115,0.23,0,0,21.7,0.92,23,0.043,-0.64,0.13,0.01,0,0,0,0,105,0.12,14,-0.56,0,0
Rawkus,off tank,Roadhog,tank,90,1360,1071,1,0,0,0.656,0.094,0.25,0.17,-0.29,7.94,0,6.18,0.07,4.85,0.63,93,-0.14,0,0,12.2,1.77,32,0.031,-0.79,0.063,-0.28,0,0,0,0,104,-0.08,8,-0.71,0,0
Rawkus,Support,Ana,support,112,1681,1160,0.86,0,0.14,0.649,0,0.351,0.048,-0.14,1.78,-0.01,6.07,0.1,3.93,-0.05,93,0.07,0,0,17,1.3,37,0,0,0.108,0.27,0,0,0,0,96,0.14,37,0.23,0,0
Manneten,flex,D.Va,tank,148,30676,900,0.22,0.02,0.76,0.392,0.062,0.546,0.22,0.23,6.87,0.13,6.1,0.33,0,-1,NaN,NaN,NaN,NaN,NaN,NaN,617,0.109,0.45,0.032,-0.06,0,0,0,0,NaN,NaN,NaN,NaN,NaN,NaN
Manneten,flex,Roadhog,tank,90,4238,990,0.16,0.08,0.76,0.516,0.011,0.473,0.229,-0.04,7.22,-0.09,5.95,0.03,2.97,0,93,-0.14,0,0,-10.4,-3.36,93,0.161,0.09,0.054,-0.39,0,0,0,0,104,-0.08,28,-0.04,0.158,0.84
Manneten,flex,Zarya,tank,116,941,902,0.25,0,0.75,0.25,0.15,0.6,0.256,0.47,6.38,0.07,5.74,0.03,5.1,0.83,80,-0.3,0,0,25,0.87,20,0,0,0.1,0.45,0,0,0,0,91,-0.23,4,-0.85,0.25,4.32
SoOn,dps,Tracer,offense,151,29296,991,0.5,0.14,0.36,0.481,0.056,0.463,0.242,-0.04,8.83,0,6.04,0.04,6.27,0.18,71,-0.01,0,0,4,-0.23,574,0.141,0.08,0.115,0.34,0,0,0,0,76,-0.02,16,-0.36,0.091,0.15
SoOn,dps,Widowmaker,offense,42,6216,1032,0.76,0.03,0.21,0.563,0.063,0.373,0.254,-0.01,9.94,0.11,6.56,0.1,4.63,0.09,75,-0.08,0,0,14.2,1,126,0.214,0.11,0.079,-0.31,0,0,0,0,71,-0.14,14,0.73,0.234,-0.2
SoOn,dps,Bastion,defense,4,1988,798,0.66,0,0.34,0.548,0.048,0.405,0.235,0.03,10.26,0.15,7.85,0.06,3.62,0.22,93,-0.01,0,0,23,1.04,42,0.119,-0.01,0.19,0.47,0,0,0,0,88,-0.07,35,0.12,0.083,0.06
SoOn,dps,Zarya,tank,116,1013,833,0.54,0,0.46,0.545,0,0.455,0.131,-0.25,4.74,-0.21,7.11,0.27,2.96,0.06,119,0.04,0,0,-4.5,-1.34,22,0,0,0.091,0.32,0,0,0,0,130,0.1,54,1.01,0,0
Zebbosai,Support,Mercy,support,73,20338,953,0.25,0.03,0.73,0.433,0.061,0.506,0.01,0.37,0.32,0.25,5.37,0.07,3.86,0.03,104,0.08,0,0,2.6,-0.42,423,0.002,1,0.043,-0.33,0,0,0,0,97,0.07,23,-0.22,0.016,-0.75
Zebbosai,Support,Lucio,support,134,7576,684,0.13,0,0.87,0.351,0.066,0.583,0.069,-0.02,2.06,-0.14,7.68,0.41,3.48,0.2,112,-0.06,0,0,12.3,0.76,151,0.013,-0.5,0.159,1.41,0,0,0,0,116,-0.04,15,-0.49,0.091,0.52
Zebbosai,Support,Zenyatta,support,112,3882,880,0.26,0,0.74,0.425,0.068,0.507,0.109,0.04,2.94,-0.21,6.65,0.07,3.25,-0.05,111,0.1,0,0,-1.3,-1.21,73,0.068,0.24,0.123,0.16,0,0,0,0,129,0.22,36,0.21,0.053,-0.35
Zebbosai,dps,Sombra,offense,60,2004,735,0.13,0,0.87,0.41,0.026,0.564,0.131,-0.07,4.79,0,8.38,0.49,5.39,0.01,75,0.12,0,0,9,0.48,39,0.077,-0.04,0.077,-0.17,0,0,0,0,73,0.09,13,-0.46,0,0
Zebbosai,dps,Widowmaker,defense,42,1327,792,0.18,0.39,0.43,0.286,0,0.714,0.255,0,5.88,-0.34,7.23,0.22,3.17,-0.26,114,0.4,0,0,21.4,2.01,28,0.25,0.3,0.107,-0.07,0,0,0,0,106,0.3,8,0.03,0.143,-0.51
Nevix,flex,D.Va,tank,148,35079,963,0.34,0.06,0.6,0.419,0.058,0.523,0.191,0.07,6.12,0.01,4.89,0.06,0,-1,NaN,NaN,NaN,NaN,NaN,NaN,730,0.071,-0.05,0.029,-0.15,0,0,0,0,NaN,NaN,NaN,NaN,NaN,NaN
Nevix,flex,Roadhog,tank,90,3568,749,0.34,0,0.66,0.521,0.027,0.452,0.166,-0.31,5.55,-0.3,6.39,0.1,3.2,0.07,114,0.06,0,0,1.8,-0.59,73,0.055,-0.63,0.041,-0.53,0,0,0,0,114,0,32,0.1,0.125,0.45
Fragi,tank,Winston,tank,123,34168,766,0.53,0.03,0.45,0.462,0.053,0.485,0.122,-0.31,4.5,-0.27,7.57,0.22,3.49,0.06,120,0.1,0,0,8.3,0.38,680,0.056,-0.31,0.119,0.21,0,0,0,0,119,0.06,19,-0.38,0.073,-0.14
Fragi,tank,Orisa,tank,18,3342,821,0.5,0,0.5,0.535,0.042,0.423,0.063,-0.31,1.97,-0.4,6.1,0.03,1.44,-0.46,157,0.32,0,0,9,0.36,71,0.056,0.3,0.085,0.21,0,0,0,0,156,0.23,36,0.91,0,0
Fragi,tank,Reinhardt,tank,82,3033,796,0.33,0.05,0.62,0.476,0.032,0.492,0.114,-0.31,4.35,-0.22,8.9,0.32,4.75,0.37,75,-0.23,0,0,15.5,0.94,63,0.016,-0.81,0.159,0.27,0,0,0,0,67,-0.36,19,-0.46,0.174,2.95
Zuppeh,Support,Zenyatta,support,112,21774,900,0.22,0.03,0.76,0.417,0.071,0.512,0.108,0.03,3.44,-0.07,7.52,0.21,3.72,0.08,101,0,0,0,1.1,-0.83,453,0.042,-0.24,0.119,0.12,0,0,0,0,103,-0.02,32,0.09,0.06,-0.26
Zuppeh,Support,Ana,support,112,2541,802,0.22,0,0.78,0.42,0.02,0.56,0.01,-0.82,0.24,-0.87,8.03,0.46,5.19,0.26,70,-0.19,0,0,13,0.76,50,0,0,0.16,0.88,0,0,0,0,67,-0.21,11,-0.65,0.091,0.69
Zuppeh,Support,Mercy,support,73,8741,998,0.21,0.06,0.73,0.383,0.046,0.571,0.009,0.21,0.27,0.06,5.42,0.08,3.64,-0.03,105,0.09,0,0,2.6,-0.42,175,0,0,0.023,-0.64,0,0,0,0,86,-0.05,22,-0.26,0,0
Zuppeh,Support,Moira,support,12,1651,1257,0.24,0,0.76,0.4,0.067,0.533,0.105,0.21,3.27,0.12,3.63,-0.36,5.81,0.08,65,0,0,0,18.3,1.01,30,0,0,0.033,-0.65,0,0,0,0,59,0.01,18,0.05,0.125,-0.07
LiNkzr,dps,Tracer,offense,151,6666,987,0.87,0,0.13,0.519,0.031,0.45,0.271,0.07,10.8,0.22,7.92,0.37,5.4,0.02,67,-0.06,0,0,3.4,-0.35,131,0.191,0.46,0.137,0.59,0,0,0,0,67,-0.13,19,-0.21,0.089,0.13
LiNkzr,dps,Widowmaker,defense,42,8942,1074,0.7,0,0.3,0.613,0.05,0.337,0.281,0.1,11.27,0.26,5.44,-0.09,4.9,0.15,80,-0.02,0,0,7.6,0.07,199,0.241,0.26,0.106,-0.08,0,0,0,0,82,0,3,-0.62,0.306,0.05
LiNkzr,dps,Mccree,offense,67,7524,1034,0.76,0,0.24,0.6,0.039,0.361,0.296,0.1,11.8,0.25,7.26,0.07,4.78,0.26,77,0.01,0,0,4.6,-0.54,155,0.148,-0.07,0.116,-0.03,0,0,0,0,77,-0.05,26,-0.09,0.123,-0.04
LiNkzr,dps,Genji,offense,111,2521,825,0.31,0,0.69,0.327,0.058,0.615,0.252,0.02,7.62,-0.12,9.04,0.48,4.52,0.24,75,-0.21,0,0,0.6,-0.95,52,0.058,-0.56,0.077,-0.16,0,0,0,0,78,-0.19,16,-0.48,0.158,3.27
LiNkzr,dps,Soldier: 76,offense,148,2635,1126,0.82,0,0.18,0.528,0.057,0.415,0.22,-0.07,7.06,-0.1,4.1,-0.29,3.87,0.09,105,0.09,0,0,15.9,1.15,53,0.113,-0.04,0.075,-0.2,0,0,0,0,108,0.12,19,-0.4,0.059,0.05
Diya,dps,Tracer,offense,151,21964,733,0.16,0.03,0.81,0.3,0.047,0.653,0.255,0.01,6.8,-0.23,7.27,0.25,5.68,0.07,72,0.02,0,0,5.8,0.12,450,0.098,-0.25,0.118,0.37,0,0,0,0,70,-0.1,24,-0.03,0.12,0.52
Diya,dps,Junkrat,defense,26,5212,898,0.27,0,0.73,0.445,0.034,0.521,0.331,0.13,8.98,-0.14,6.22,-0.04,4.14,-0.1,78,-0.02,0,0,21.1,2.06,119,0.118,-0.4,0.109,0.02,0,0,0,0,81,-0.03,19,0.04,0.028,-0.78
Diya,dps,Pharah,offense,70,2959,902,0.2,0,0.8,0.355,0.113,0.532,0.278,-0.04,8.52,-0.16,7.5,0.21,3.65,0.01,92,0.01,0,0,9,-0.24,62,0.129,-0.2,0.081,-0.04,0,0,0,0,93,-0.02,31,-0.03,0,0
Diya,dps,Genji,offense,111,1817,801,0.1,0.21,0.68,0.216,0,0.784,0.22,-0.11,4.29,-0.51,9.25,0.52,4.95,0.35,76,-0.19,0,0,9.1,-0.19,37,0.054,-0.59,0.189,1.05,0,0,0,0,96,0,16,-0.48,0,0
neptuNo,Support,Mercy,support,73,29842,1053,0.51,0.03,0.45,0.473,0.06,0.467,0.025,2.41,0.9,2.49,4.58,-0.08,3.78,0.01,98,0.02,0,0,11.3,1.51,602,0.007,6,0.051,-0.2,0,0,0,0,85,-0.06,32,0.09,0.048,-0.26
neptuNo,Support,Lucio,support,134,6744,1142,0.75,0,0.25,0.568,0.03,0.402,0.083,0.18,3.38,0.41,5.43,0,3.65,0.26,99,-0.17,0,0,10.7,0.53,132,0.023,-0.12,0.083,0.26,0,0,0,0,92,-0.24,18,-0.4,0.024,-0.6
Mickie,Flex,D.Va,tank,148,28085,872,0.32,0.1,0.58,0.406,0.06,0.534,0.2,0.11,7.01,0.15,5.94,0.29,0,-1,NaN,NaN,NaN,NaN,NaN,NaN,566,0.083,0.11,0.042,0.24,0,0,0,0,NaN,NaN,NaN,NaN,NaN,NaN
Mickie,flex,Orisa,tank,18,2045,808,0.37,0,0.63,0.465,0.14,0.395,0.065,-0.28,2.93,-0.1,7.04,0.19,2.35,-0.11,132,0.11,0,0,3.5,-0.47,43,0,0,0.116,0.66,0,0,0,0,129,0.01,38,1,0,0
Mickie,flex,Roadhog,tank,90,8008,1129,0.5,0.05,0.45,0.533,0.042,0.425,0.241,0.01,9.59,0.21,6.22,0.07,3.9,0.31,88,-0.18,0,0,6.2,0.41,167,0.102,-0.31,0.054,-0.39,0,0,0,0,98,-0.14,26,-0.09,0.14,0.63
Mickie,Flex,Zarya,tank,116,1025,1075,0.46,0.28,0.27,0.667,0.048,0.286,0.124,-0.29,5.85,-0.02,5.85,0.05,3.51,0.26,105,-0.08,0,0,0,0,21,0,0,0,0,0,0,0,0,106,-0.1,21,-0.21,0,0
nomy,tank,Winston,tank,123,33002,841,0.34,0.06,0.6,0.411,0.058,0.531,0.151,-0.15,4.84,-0.21,7.53,0.21,3.73,0.13,109,0,0,0,9.2,0.53,686,0.067,-0.17,0.105,0.07,0,0,0,0,117,0.04,20,-0.35,0.089,0.05
nomy,tank,Orisa,tank,18,4902,936,0.38,0.01,0.6,0.57,0.04,0.39,0.093,0.02,3.18,-0.03,5.63,-0.05,2.45,-0.07,137,0.15,0,0,7.7,0.17,100,0.07,0.63,0.08,0.14,0,0,0,0,141,0.11,17,-0.11,0.1,-0.04
dhaK,Support,Mercy,support,73,27519,937,0.38,0.07,0.55,0.44,0.06,0.501,0.001,-0.82,0.04,-0.83,5.17,0.03,3.77,0.01,101,0.05,0,0,7.7,0.71,571,0,0,0.065,0.02,0,0,0,0,91,0,26,-0.13,0.082,0.26
dhaK,Support,Lucio,support,134,9062,862,0.26,0,0.74,0.401,0.036,0.563,0.05,-0.29,1.46,-0.39,6.29,0.16,3.64,0.26,108,-0.09,0,0,5.4,-0.23,192,0.021,-0.19,0.089,0.35,0,0,0,0,102,-0.16,12,-0.6,0.073,0.22
dhaK,Support,Ana,support,112,1490,932,0.32,0,0.68,0.393,0.107,0.5,0.018,-0.68,0.4,-0.78,5.64,0.02,5.23,0.27,74,-0.15,0,0,-25,-4.38,28,0,0,0.071,-0.16,0,0,0,0,78,-0.08,21,-0.29,0.333,5.17
xQc,tank,Winston,tank,123,5189,953,0.36,0.16,0.48,0.423,0.029,0.548,0.146,-0.18,5.32,-0.13,7.4,0.19,4.05,0.23,97,-0.11,0,0,7.7,0.28,104,0.067,-0.17,0.058,-0.41,0,0,0,0,101,-0.1,20,-0.33,0.059,-0.31
xQc,tank,Reinhardt,tank,82,1119,1343,0.55,0.25,0.2,0.609,0.043,0.348,0.195,0.17,8.04,0.44,5.36,-0.2,5.36,0.55,75,-0.23,0,0,24.8,2.1,23,0.13,0.51,0.043,-0.66,0,0,0,0,89,-0.15,27,-0.23,0,0
Striker,dps,Tracer,offense,151,34976,972,0.49,0,0.51,0.485,0.048,0.467,0.243,-0.04,9.21,0.04,5.22,-0.1,5.7,0.08,79,0.12,0,0,6.4,0.23,687,0.108,-0.18,0.055,-0.36,0,0,0,0,79,0.02,23,-0.04,0.039,-0.51
Striker,tank,Widowmaker,defense,42,1058,728,0.71,0,0.29,0.593,0,0.407,0.197,-0.23,6.81,-0.24,9.07,0.53,5.1,0.2,90,0.11,0,0,-9.3,-2.31,27,0.111,-0.42,0.074,-0.36,0,0,0,0,81,-0.02,0,-1,0.111,-0.62
Woohyal,flex,D.Va,tank,148,10176,1129,0.68,0,0.32,0.488,0.047,0.464,0.178,-0.01,6.37,0.05,3.36,-0.27,0,-1,NaN,NaN,NaN,NaN,NaN,NaN,211,0.057,-0.24,0.047,0.38,0,0,0,0,NaN,NaN,NaN,NaN,NaN,NaN
Woohyal,flex,Roadhog,tank,90,1018,1102,0.44,0,0.56,0.474,0.105,0.421,0.29,0.22,10.61,0.34,5.3,-0.08,1.77,-0.41,111,0.02,0,0,-47.4,-11.77,19,0.158,0.07,0.053,-0.4,0,0,0,0,111,-0.02,48,0.64,0,0
Boink,Support,Lucio,support,134,6047,928,0.64,0,0.36,0.441,0.039,0.52,0.092,0.31,2.68,0.11,6.15,0.13,2.68,-0.08,130,0.09,0,0,13,0.86,127,0.024,-0.08,0.047,-0.29,0,0,0,0,133,0.1,23,-0.23,0.111,0.85
Boink,Support,Mercy,support,73,4893,1190,0.44,0,0.56,0.465,0.04,0.495,0.007,-0.08,0.25,-0.05,4.05,-0.19,3.92,0.05,91,-0.05,0,0,3.5,-0.22,101,0,0,0.03,-0.53,0,0,0,0,80,-0.11,20,-0.33,0.031,-0.52
JAKE,dps,Genji,offense,111,2238,1036,0.93,0,0.07,0.563,0.021,0.417,0.227,-0.08,9.12,0.05,8.04,0.32,5.09,0.39,88,-0.07,0,0,21.5,0.9,48,0.083,-0.37,0.167,0.82,0,0,0,0,99,0.03,16,-0.5,0.053,0.43
JAKE,dps,Junkrat,defense,26,18615,1031,0.77,0,0.23,0.612,0.047,0.341,0.301,0.03,11.76,0.13,6.9,0.06,5.29,0.14,80,-0.01,0,0,6.3,-0.09,384,0.268,0.35,0.094,-0.12,0,0,0,0,79,-0.05,14,-0.23,0.173,0.36
JAKE,dps,Pharah,offense,70,3417,719,0.51,0,0.49,0.382,0.053,0.566,0.294,0.02,9.13,-0.1,8.6,0.39,4.21,0.17,80,-0.13,0,0,-3.2,-1.27,76,0.132,-0.19,0.197,1.35,0,0,0,0,82,-0.13,23,-0.27,0.083,0.48
JAKE,dps,Tracer,offense,151,7934,753,0.58,0,0.42,0.433,0.024,0.543,0.213,-0.16,7.34,-0.17,7.11,0.23,5.29,0,80,0.13,0,0,4.5,-0.13,164,0.11,-0.16,0.14,0.63,0,0,0,0,75,-0.03,16,-0.35,0.143,0.81
JAKE,dps,Soldier: 76,offense,148,3616,1160,0.66,0,0.34,0.448,0.045,0.507,0.262,0.11,9.62,0.22,6.31,0.09,4.31,0.22,80,-0.18,0,0,23.4,2.16,67,0.149,0.26,0.06,-0.36,0,0,0,0,82,-0.15,17,-0.47,0.077,0.38
CWoosH,Flex,Winston,tank,123,29484,790,0.22,0.03,0.75,0.389,0.062,0.549,0.135,-0.24,4.19,-0.32,7.71,0.24,3.7,0.12,111,0.02,0,0,3.5,-0.42,594,0.059,-0.27,0.094,-0.04,0,0,0,0,109,-0.03,19,-0.38,0.028,-0.67
CWoosH,flex,Orisa,tank,18,4640,925,0.18,0.07,0.75,0.545,0.02,0.436,0.057,-0.38,1.94,-0.41,5.56,-0.06,2.07,-0.22,126,0.05,0,0,-1.1,-1.17,101,0.01,-0.77,0.02,-0.71,0,0,0,0,130,0.03,19,-0.01,0.063,-0.39
CWoosH,flex,Reinhardt,tank,82,1801,718,0.13,0,0.87,0.27,0.108,0.622,0.135,-0.19,3.33,-0.4,9.33,0.39,4,0.15,99,0.02,0,0,15.8,0.98,37,0.081,-0.06,0.135,0.08,0,0,0,0,90,-0.14,26,-0.25,0.273,5.2
Logix,dps,Tracer,offense,151,24639,809,0.17,0.02,0.8,0.374,0.059,0.568,0.263,0.04,8.18,-0.08,6.94,0.2,5.92,0.12,78,0.1,0,0,5.8,0.12,495,0.099,-0.24,0.099,0.15,0,0,0,0,80,0.04,15,-0.4,0.057,-0.28
Logix,dps,Soldier: 76,offense,148,2834,783,0.64,0,0.36,0.441,0.085,0.475,0.246,0.04,6.77,-0.14,8.26,0.42,3.6,0.02,97,0.01,0,0,-4.1,-1.55,59,0.119,0.01,0.136,0.45,0,0,0,0,80,-0.17,27,-0.15,0,0
Logix,dps,Mccree,offense,67,4485,870,0.13,0,0.87,0.411,0.053,0.537,0.303,0.13,9.9,0.05,8.56,0.27,4.95,0.3,78,0.02,0,0,6.9,-0.32,95,0.137,-0.14,0.147,0.23,0,0,0,0,82,0.01,26,-0.09,0.171,0.34
Logix,tank,Widowmaker,offense,42,3427,1055,0.26,0.14,0.6,0.603,0.055,0.342,0.283,0.11,9.1,0.02,5.43,-0.09,3.68,-0.13,79,-0.02,0,0,0.8,-0.89,73,0.247,0.29,0.082,-0.29,0,0,0,0,84,0.02,1,-0.91,0.143,-0.51
Xushu,off tank,D.Va,tank,148,11289,725,0.24,0,0.76,0.338,0.051,0.612,0.181,0.01,5.05,-0.17,5.79,0.26,0,-1,NaN,NaN,NaN,NaN,NaN,NaN,237,0.055,-0.27,0.046,0.35,0,0,0,0,NaN,NaN,NaN,NaN,NaN,NaN
Xushu,off tank,Roadhog,tank,90,1747,836,0.24,0,0.76,0.436,0.026,0.538,0.189,-0.21,5.84,-0.26,7.56,0.3,5.84,0.96,68,-0.37,0,0,-33.6,-8.64,39,0.077,-0.48,0.103,0.17,0,0,0,0,91,-0.2,15,-0.48,0.214,1.49
Xushu,tank,Winston,tank,123,1822,419,0,0,1,0.171,0,0.829,0.139,-0.22,2.96,-0.52,9.22,0.49,3.62,0.1,121,0.11,0,0,-4.6,-1.77,35,0.029,-0.64,0.2,1.04,0,0,0,0,117,0.04,17,-0.44,0.091,0.07
Spree,Flex,Zarya,tank,116,1536,1090,0.88,0,0.12,0.571,0.057,0.371,0.146,-0.16,5.47,-0.09,4.3,-0.23,3.52,0.26,98,-0.14,0,0,31.7,1.37,35,0.057,-0.19,0.029,-0.58,0,0,0,0,111,-0.05,18,-0.33,0,0
Verbo,Support,Mercy,support,73,6562,1031,0.55,0,0.45,0.451,0.041,0.508,0,-1,0,-1,4.85,-0.03,3.38,-0.1,101,0.05,0,0,0.4,-0.91,122,0,0,0.074,0.16,NaN,NaN,NaN,NaN,91,0,42,0.4,0.081,0.25
Verbo,Support,Lucio,support,134,6401,1007,0.33,0.17,0.5,0.5,0.03,0.47,0.049,-0.3,1.59,-0.34,4.31,-0.21,3.37,0.16,104,-0.12,0,0,2.2,-0.69,132,0.015,-0.42,0.053,-0.2,0,0,0,0,113,-0.07,45,0.52,0.257,3.28
Pine,flex,Mccree,offense,67,4425,1223,0.85,0.03,0.13,0.616,0.058,0.326,0.301,0.12,12.47,0.32,6.37,-0.06,4.47,0.18,72,-0.05,0,0,12.4,0.23,86,0.186,0.16,0.14,0.17,0,0,0,0,69,-0.15,33,0.16,0.067,-0.48
Pine,Flex,Widowmaker,defense,42,6340,981,0.74,0.06,0.2,0.612,0.062,0.326,0.266,0.04,10.6,0.18,6.81,0.15,5.11,0.2,82,0.01,0,0,12.1,0.7,129,0.233,0.21,0.124,0.08,0,0,0,0,85,0.04,8,-0.07,0.269,-0.08
Pine,Flex,Tracer,offense,151,3820,1178,0.8,0.15,0.05,0.623,0.052,0.325,0.26,0.03,11.62,0.31,4.87,-0.16,5.34,0.01,72,0.02,0,0,1.7,-0.67,77,0.143,0.09,0.13,0.51,0,0,0,0,80,0.04,16,-0.34,0.1,0.27
Pine,Flex,Junkrat,defense,26,914,748,0.11,0,0.89,0.455,0.045,0.5,0.268,-0.08,7.22,-0.31,9.19,0.42,3.28,-0.29,97,0.21,0,0,-5.5,-1.8,22,0.273,0.38,0.136,0.27,0,0,0,0,99,0.18,25,0.31,0,0
Pine,Flex,Genji,offense,111,1560,950,0.32,0,0.68,0.563,0,0.438,0.211,-0.15,6.15,-0.29,6.92,0.14,3.85,0.05,98,0.03,0,0,10.4,-0.08,32,0.156,0.19,0.063,-0.32,0,0,0,0,82,-0.14,43,0.35,0,0
babybay,dps,Mccree,offense,67,5407,1010,0.43,0.08,0.5,0.462,0.034,0.504,0.361,0.35,12.43,0.32,8.43,0.25,5.1,0.34,69,-0.09,0,0,-13.8,-2.37,117,0.188,0.18,0.137,0.14,0,0,0,0,65,-0.2,30,0.03,0.136,0.06
babybay,dps,Genji,offense,111,5988,943,0.28,0,0.72,0.298,0.066,0.636,0.243,-0.02,7.52,-0.13,9.02,0.48,3.81,0.04,83,-0.13,0,0,14.4,0.27,121,0.116,-0.11,0.132,0.43,0,0,0,0,88,-0.08,26,-0.17,0.053,0.43
babybay,dps,Widowmaker,defense,42,10188,917,0.38,0.04,0.58,0.482,0.064,0.454,0.278,0.09,9.07,0.01,7.24,0.22,5.12,0.21,76,-0.06,0,0,17.4,1.45,218,0.179,-0.07,0.119,0.03,0,0,0,0,81,-0.01,6,-0.24,0.279,-0.04
babybay,dps,Pharah,offense,70,5337,1053,0.36,0.17,0.47,0.468,0.037,0.495,0.328,0.14,11.69,0.15,6.07,-0.02,4.61,0.28,78,-0.14,0,0,6,-0.5,109,0.229,0.41,0.092,0.1,0,0,0,0,77,-0.18,15,-0.52,0.1,0.79
babybay,dps,Soldier: 76,offense,148,8370,1023,0.32,0,0.68,0.428,0.066,0.506,0.268,0.13,8.03,0.02,6.38,0.1,4.95,0.4,78,-0.19,0,0,2.7,-0.64,166,0.084,-0.29,0.163,0.73,0,0,0,0,74,-0.24,19,-0.4,0.088,0.57
babybay,dps,Tracer,offense,151,1321,788,0.24,0,0.76,0.321,0.036,0.643,0.281,0.11,8.18,-0.08,7.72,0.33,5.45,0.03,72,0.01,0,0,17.9,2.44,28,0.179,0.37,0.107,0.24,0,0,0,0,78,0.01,7,-0.71,0.091,0.15
iRemiix,tank,Winston,tank,123,25704,798,0.37,0,0.63,0.442,0.067,0.491,0.141,-0.2,4.81,-0.22,7.14,0.15,3.71,0.13,111,0.02,0,0,7.1,0.18,523,0.048,-0.41,0.12,0.22,0,0,0,0,119,0.05,21,-0.33,0.142,0.67
iRemiix,tank,Reinhardt,tank,82,1244,859,0.32,0,0.68,0.367,0.033,0.6,0.207,0.25,5.79,0.04,8.2,0.22,3.38,-0.03,100,0.03,0,0,13.3,0.66,30,0,0,0.267,1.14,0,0,0,0,105,0,34,-0.05,0,0
iRemiix,tank,Orisa,tank,18,2428,793,0.21,0,0.79,0.54,0.02,0.44,0.04,-0.56,1.24,-0.62,5.93,0,1.73,-0.35,155,0.3,0,0,-20.7,-4.14,50,0.06,0.4,0.08,0.14,0,0,0,0,154,0.21,13,-0.29,0.143,0.38
Kariv,Support,Mercy,support,73,16888,1068,0.57,0.2,0.23,0.515,0.056,0.429,0.015,1.01,0.57,1.19,4.33,-0.13,3.69,-0.01,100,0.04,0,0,11.7,1.6,338,0,0,0.062,-0.03,0,0,0,0,88,-0.03,31,0.04,0.029,-0.55
Kariv,Support,Lucio,support,134,1752,1064,0.69,0,0.31,0.333,0.051,0.615,0.111,0.58,3.08,0.28,5.14,-0.05,3.42,0.18,110,-0.08,0,0,0,0,39,0,0,0.077,0.17,0,0,0,0,106,-0.13,13,-0.57,0.1,0.67
Kariv,dps,Widowmaker,defense,42,1876,804,0.66,0,0.34,0.55,0.025,0.425,0.179,-0.3,7.68,-0.14,6.4,0.08,4.48,0.05,92,0.13,0,0,-13.3,-2.87,40,0.125,-0.35,0.1,-0.13,0,0,0,0,79,-0.03,6,-0.26,0.143,-0.51
Kariv,Support,Zenyatta,support,112,13340,1154,0.6,0,0.4,0.494,0.063,0.443,0.107,0.02,4.05,0.09,5.17,-0.17,3.73,0.09,104,0.03,0,0,1.9,-0.7,255,0.043,-0.22,0.051,-0.52,0,0,0,0,103,-0.03,34,0.13,0.025,-0.69
Libero,dps,Junkrat,defense,26,13887,952,0.66,0.02,0.32,0.603,0.051,0.346,0.283,-0.03,10.02,-0.04,5.7,-0.12,4.36,-0.06,89,0.11,0,0,-3.5,-1.51,272,0.165,-0.17,0.103,-0.04,0,0,0,0,88,0.05,20,0.07,0.162,0.28
Libero,dps,Soldier: 76,offense,148,3976,1232,0.53,0.13,0.33,0.595,0.054,0.351,0.239,0.01,10.56,0.34,4.98,-0.14,3.62,0.02,90,-0.07,0,0,10.5,0.42,74,0.122,0.03,0.122,0.3,0,0,0,0,86,-0.11,35,0.1,0.043,-0.23
Libero,dps,Pharah,offense,70,6145,1012,0.75,0.08,0.17,0.579,0.063,0.357,0.264,-0.09,10.15,0,4.59,-0.26,3.22,-0.1,95,0.05,0,0,7.6,-0.36,126,0.135,-0.17,0.063,-0.25,0,0,0,0,97,0.03,47,0.46,0.032,-0.43
Libero,dps,Genji,offense,111,10635,988,0.62,0.05,0.33,0.446,0.07,0.484,0.217,-0.13,8.12,-0.06,6.71,0.1,3.55,-0.03,97,0.02,0,0,20.9,0.85,213,0.103,-0.21,0.099,0.08,0,0,0,0,99,0.04,36,0.15,0.016,-0.57
Effect,dps,Reaper,offense,57,950,1011,0.33,0,0.67,0.4,0.05,0.55,0.296,0.03,13.26,0.34,10.74,0.53,3.79,0.32,84,-0.11,0,0,60,3.14,20,0.15,-0.09,0.2,1.04,0,0,0,0,107,0.02,33,0.02,0,0
Effect,dps,Widowmaker,defense,42,6126,908,0.37,0.03,0.59,0.423,0.062,0.515,0.248,-0.03,10.09,0.13,7.54,0.27,5.19,0.22,81,0,0,0,1.8,-0.75,130,0.208,0.08,0.108,-0.06,0,0,0,0,77,-0.06,4,-0.44,0.25,-0.14
Effect,dps,Mccree,offense,67,6325,975,0.5,0.16,0.34,0.52,0.032,0.448,0.288,0.07,11.86,0.26,9.01,0.33,5.03,0.32,70,-0.09,0,0,6.5,-0.36,125,0.16,0,0.152,0.27,0,0,0,0,68,-0.17,27,-0.07,0.122,-0.05
Effect,dps,Genji,offense,111,1086,889,0.13,0,0.87,0.316,0.053,0.632,0.267,0.08,8.84,0.02,9.39,0.54,3.87,0.06,96,0.02,0,0,1.8,-0.84,19,0,0,0.105,0.14,0,0,0,0,100,0.04,30,-0.05,0,0
Effect,dps,Tracer,offense,151,14481,1023,0.29,0.11,0.6,0.409,0.052,0.538,0.279,0.11,9.53,0.08,6.42,0.11,7.04,0.33,63,-0.12,0,0,4.2,-0.19,286,0.161,0.23,0.098,0.14,0,0,0,0,65,-0.16,13,-0.48,0.107,0.35
Effect,dps,Soldier: 76,offense,148,1039,837,0.26,0.21,0.52,0.381,0.095,0.524,0.298,0.26,8.08,0.03,8.66,0.49,4.62,0.3,89,-0.08,0,0,-4.8,-1.65,21,0.143,0.21,0.143,0.52,0,0,0,0,85,-0.12,14,-0.55,0,0
Effect,dps,Doomfist,offense,26,1636,628,0,0,1,0.355,0.097,0.548,0.296,-0.03,9.54,-0.15,8.8,-0.02,4.03,-0.02,129,0.49,0,0,7.4,-0.11,31,0.161,-0.16,0.065,-0.6,0,0,0,0,117,0.25,14,-0.5,0,0
Mano,tank,Orisa,tank,18,9096,932,0.7,0.03,0.27,0.574,0.033,0.393,0.09,-0.01,3.3,0.01,5.54,-0.06,2.31,-0.13,141,0.18,0,0,9.3,0.41,183,0.016,-0.63,0.055,-0.21,0,0,0,0,146,0.14,16,-0.17,0.057,-0.45
Mano,tank,Winston,tank,123,12435,1196,0.68,0.06,0.25,0.546,0.05,0.403,0.178,0,7.19,0.17,4.78,-0.23,3.72,0.13,104,-0.04,0,0,18,2,238,0.063,-0.22,0.08,-0.18,0,0,0,0,110,-0.03,26,-0.17,0.082,-0.04
Mano,off tank,Roadhog,tank,90,1870,841,0.83,0,0.17,0.579,0.079,0.342,0.12,-0.5,4.81,-0.39,5.45,-0.06,3.85,0.29,93,-0.14,0,0,22.1,4.02,38,0.079,-0.47,0.158,0.8,0,0,0,0,86,-0.24,33,0.15,0,0
Mano,Support,Ana,support,112,1100,1336,0.92,0,0.08,0.522,0.087,0.391,0.102,0.83,2.73,0.51,3.27,-0.41,3.82,-0.07,78,-0.1,0,0,7.8,0.05,23,0.087,2.63,0.087,0.02,0,0,0,0,80,-0.06,34,0.15,0.286,4.3
Mano,Support,Lucio,support,134,5563,1110,0.58,0,0.42,0.547,0.06,0.393,0.076,0.08,2.8,0.17,4.53,-0.17,3.24,0.12,107,-0.1,0,0,13.2,0.89,117,0.026,0,0.034,-0.48,0,0,0,0,114,-0.05,36,0.21,0.033,-0.45
Nus,Support,Mercy,support,73,30667,1035,0.7,0,0.3,0.57,0.054,0.377,0.003,-0.53,0.14,-0.47,4.54,-0.09,3.62,-0.03,99,0.03,0,0,5,0.11,632,0,0,0.062,-0.03,0,0,0,0,102,0.13,27,-0.11,0.083,0.28
Nus,Support,Lucio,support,134,1447,681,0.6,0,0.4,0.5,0.036,0.464,0.027,-0.61,0.83,-0.65,6.63,0.22,2.9,0,116,-0.02,0,0,33.3,3.76,28,0,0,0.25,2.79,0,0,0,0,115,-0.05,3,-0.91,0,0
Fissure,tank,Winston,tank,123,9705,1094,0.66,0,0.34,0.495,0.071,0.434,0.193,0.09,6.86,0.12,5.87,-0.05,3.52,0.07,103,-0.05,0,0,16.5,1.75,196,0.097,0.2,0.077,-0.21,0,0,0,0,108,-0.04,37,0.2,0.071,-0.16
Fissure,tank,Orisa,tank,18,912,1027,1,0,0,0.8,0.05,0.15,0.033,-0.64,1.32,-0.6,2.63,-0.55,0.66,-0.75,109,-0.09,0,0,-80,-13.12,20,0.05,0.16,0.05,-0.29,0,0,0,0,109,-0.14,38,1,0,0
Kellex,Support,Lucio,support,134,6415,1052,0.14,0,0.86,0.414,0.045,0.541,0.105,0.49,3.65,0.52,6.64,0.22,2.99,0.03,112,-0.06,0,0,19.4,1.77,133,0.053,1.04,0.083,0.26,0,0,0,0,111,-0.08,24,-0.2,0.031,-0.48
Kellex,Support,Mercy,support,73,33016,966,0.55,0,0.45,0.509,0.048,0.443,0.004,-0.49,0.15,-0.44,4.94,-0.01,3.87,0.03,102,0.06,0,0,1,-0.78,650,0,0,0.069,0.08,0,0,0,0,91,0.01,24,-0.19,0.043,-0.34
DreamKazper,dps,Genji,offense,111,16925,1054,0.45,0,0.55,0.475,0.036,0.49,0.25,0.01,10.03,0.16,7.59,0.24,3.94,0.08,86,-0.09,0,0,14.9,0.32,337,0.136,0.04,0.131,0.42,0,0,0,0,86,-0.1,38,0.22,0.019,-0.49
DreamKazper,dps,Widowmaker,defense,42,4148,890,0.4,0,0.6,0.517,0.08,0.402,0.239,-0.07,8.39,-0.06,7.38,0.24,3.91,-0.08,84,0.03,0,0,-5.1,-1.72,87,0.218,0.14,0.103,-0.1,0,0,0,0,83,0.02,20,1.49,0.444,0.52
DreamKazper,dps,Soldier: 76,offense,148,2471,842,0.3,0,0.7,0.302,0,0.698,0.235,-0.01,5.83,-0.26,6.56,0.13,3.64,0.03,85,-0.12,0,0,11.4,0.54,43,0.023,-0.81,0.093,-0.01,0,0,0,0,80,-0.17,31,-0.04,0.077,0.38
DreamKazper,dps,Mccree,offense,67,3859,905,0.51,0,0.49,0.437,0.085,0.479,0.249,-0.07,9.02,-0.04,7.62,0.13,3.73,-0.02,73,-0.04,0,0,-2.5,-1.25,71,0.113,-0.29,0.113,-0.06,0,0,0,0,76,-0.06,53,0.84,0.1,-0.22
DreamKazper,dps,Pharah,offense,70,6204,1112,0.62,0,0.38,0.533,0.066,0.402,0.302,0.04,11.9,0.17,5.9,-0.05,4.35,0.21,78,-0.15,0,0,-4.7,-1.39,122,0.254,0.57,0.057,-0.32,0,0,0,0,75,-0.21,34,0.05,0.07,0.25
DreamKazper,off tank,Roadhog,tank,90,1468,1340,0.41,0,0.59,0.552,0.034,0.414,0.245,0.03,9.81,0.24,3.68,-0.37,5.72,0.92,70,-0.35,0,0,21.8,3.95,29,0.103,-0.3,0.034,-0.61,0,0,0,0,73,-0.36,15,-0.48,0,0
DreamKazper,dps,Junkrat,defense,26,2576,1052,0.81,0,0.19,0.672,0.017,0.31,0.253,-0.14,10.48,0,5.36,-0.17,4.43,-0.04,78,-0.03,0,0,-2.5,-1.36,58,0.19,-0.04,0.103,-0.04,0,0,0,0,79,-0.05,21,0.09,0.105,-0.17
Carpe,dps,Tracer,offense,151,27593,1140,0.54,0.02,0.44,0.47,0.055,0.475,0.271,0.07,10.13,0.14,5.22,-0.1,6.68,0.26,68,-0.04,0,0,8.7,0.67,545,0.145,0.11,0.11,0.28,0,0,0,0,73,-0.06,14,-0.44,0.111,0.41
Carpe,dps,Widowmaker,defense,42,9401,1130,0.51,0.03,0.47,0.497,0.046,0.457,0.308,0.21,10.91,0.22,4.47,-0.25,5.43,0.28,77,-0.06,0,0,19.9,1.8,197,0.198,0.03,0.086,-0.25,0,0,0,0,78,-0.04,4,-0.49,0.306,0.05
Carpe,dps,Mccree,offense,67,2397,1087,0.3,0.07,0.63,0.449,0.02,0.531,0.402,0.5,13.27,0.41,8.26,0.22,5.26,0.38,68,-0.1,0,0,-4.9,-1.49,49,0.306,0.91,0.082,-0.32,0,0,0,0,71,-0.13,17,-0.42,0.053,-0.59
Shaz,Support,Zenyatta,support,112,29025,1128,0.4,0,0.6,0.459,0.058,0.483,0.111,0.06,3.72,0,5.56,-0.1,4.24,0.23,89,-0.13,0,0,2.3,-0.63,603,0.058,0.05,0.08,-0.25,0,0,0,0,92,-0.13,31,0.04,0.076,-0.06
Shaz,Support,Mercy,support,73,3643,1003,0.64,0,0.36,0.487,0.039,0.474,0.022,1.95,0.82,2.18,5.11,0.02,3.95,0.06,102,0.06,0,0,1.3,-0.71,76,0,0,0.053,-0.17,0,0,0,0,83,-0.08,26,-0.13,0.167,1.57
Shaz,Support,Ana,support,112,1368,1151,0.22,0,0.78,0.32,0.2,0.48,0.052,-0.07,1.32,-0.27,7.02,0.27,4.82,0.17,72,-0.17,0,0,12.4,0.68,25,0,0,0.08,-0.06,0,0,0,0,76,-0.1,10,-0.67,0,0
Fleta,dps,Widowmaker,defense,42,10719,1151,0.69,0.01,0.31,0.582,0.041,0.377,0.294,0.15,10.97,0.22,4.76,-0.2,5.43,0.28,79,-0.03,0,0,7.4,0.04,220,0.291,0.52,0.082,-0.29,0,0,0,0,81,-0.01,6,-0.19,0.295,0.01
Fleta,dps,Junkrat,defense,26,2294,1148,0.54,0.07,0.39,0.653,0.041,0.306,0.312,0.06,12.55,0.2,6.02,-0.07,5.23,0.13,66,-0.18,0,0,3.4,-0.51,49,0.224,0.13,0.122,0.14,0,0,0,0,65,-0.22,23,0.24,0.15,0.18
Fleta,dps,Sombra,offense,60,1631,1232,0.79,0,0.21,0.406,0,0.594,0.182,0.29,5.15,0.07,4.05,-0.28,5.15,-0.03,69,0.03,0,0,34.4,4.64,32,0.063,-0.21,0.063,-0.32,0,0,0,0,70,0.04,28,0.14,0,0
Fleta,dps,Genji,offense,111,7573,971,0.69,0.06,0.25,0.484,0.07,0.446,0.257,0.04,9.27,0.07,7.13,0.17,3.88,0.06,95,0,0,0,2.9,-0.74,157,0.172,0.31,0.14,0.52,0,0,0,0,96,0,35,0.11,0.021,-0.43
Fleta,dps,Reaper,offense,57,1292,956,0.93,0.07,0,0.391,0.087,0.522,0.28,-0.03,9.75,-0.02,9.29,0.33,5.11,0.78,84,-0.11,0,0,16.4,0.13,23,0.13,-0.21,0.087,-0.11,0,0,0,0,73,-0.3,20,-0.39,0.091,0.47
Fleta,dps,Pharah,offense,70,6617,970,0.48,0.03,0.49,0.478,0.06,0.463,0.325,0.13,11.15,0.1,6.35,0.03,3.99,0.11,90,-0.01,0,0,5,-0.58,134,0.187,0.15,0.067,-0.2,0,0,0,0,89,-0.06,29,-0.09,0.026,-0.54
Fleta,dps,Mccree,offense,67,2293,1085,0.66,0,0.34,0.571,0.082,0.347,0.221,-0.18,9.94,0.05,7.59,0.12,4.97,0.31,72,-0.06,0,0,24.1,1.39,49,0.204,0.28,0.163,0.36,0,0,0,0,68,-0.16,17,-0.42,0.111,-0.13
Fleta,dps,Soldier: 76,offense,148,3033,1049,0.55,0,0.45,0.483,0.05,0.467,0.207,-0.12,7.72,-0.02,5.93,0.02,3.96,0.12,90,-0.07,0,0,11.7,0.58,60,0.183,0.55,0.033,-0.65,0,0,0,0,95,-0.02,26,-0.18,0.05,-0.11
Hydration,dps,Genji,offense,111,12791,917,0.36,0,0.64,0.442,0.054,0.504,0.249,0.01,8.49,-0.02,8.16,0.34,4.17,0.14,92,-0.03,0,0,8.3,-0.27,260,0.108,-0.18,0.119,0.29,0,0,0,0,96,0,27,-0.14,0.046,0.24
Hydration,dps,Doomfist,offense,26,1254,814,0.47,0,0.53,0.429,0.143,0.429,0.217,-0.29,8.61,-0.23,11,0.23,4.31,0.05,74,-0.14,0,0,14.3,0.72,21,0.048,-0.75,0.238,0.46,0,0,0,0,79,-0.16,20,-0.28,0.125,0.92
Hydration,dps,Pharah,offense,70,5801,957,0.45,0,0.55,0.488,0.025,0.488,0.324,0.12,10.86,0.07,6.62,0.07,3.93,0.09,93,0.02,0,0,4.2,-0.65,121,0.223,0.38,0.083,-0.01,0,0,0,0,98,0.04,30,-0.07,0.026,-0.54
Hydration,dps,Roadhog,tank,90,2559,969,0.23,0,0.77,0.36,0.06,0.58,0.263,0.1,7.27,-0.08,6.8,0.17,4.45,0.5,84,-0.22,0,0,6.9,0.57,50,0.12,-0.19,0.04,-0.55,0,0,0,0,83,-0.26,17,-0.43,0.105,0.22
Hydration,dps,Junkrat,defense,26,4698,963,0.44,0,0.56,0.54,0.05,0.41,0.299,0.02,9.58,-0.08,6.13,-0.05,4.6,-0.01,86,0.08,0,0,12.7,0.84,100,0.19,-0.04,0.14,0.31,0,0,0,0,90,0.08,17,-0.1,0.056,-0.56
Sleepy,Support,Zenyatta,support,112,30515,1078,0.33,0.07,0.6,0.44,0.058,0.502,0.127,0.21,4.03,0.08,5.43,-0.13,3.79,0.11,101,0,0,0,6.3,0,634,0.062,0.13,0.098,-0.08,0,0,0,0,105,-0.01,32,0.08,0.118,0.46
Sleepy,Support,Mercy,support,73,4153,1260,0.49,0,0.51,0.463,0.024,0.512,0.004,-0.48,0.14,-0.44,3.47,-0.31,3.47,-0.07,94,-0.02,0,0,12,1.67,82,0,0,0.024,-0.62,0,0,0,0,86,-0.05,26,-0.13,0,0
Sleepy,dps,Sombra,offense,60,1856,649,0.13,0,0.87,0.233,0.047,0.721,0.09,-0.36,2.26,-0.53,6.14,0.09,4.85,-0.09,86,0.29,0,0,16.7,1.74,43,0.023,-0.71,0.163,0.75,0,0,0,0,92,0.38,18,-0.26,0,0
Muma,tank,Winston,tank,123,26992,1068,0.66,0,0.34,0.487,0.037,0.476,0.163,-0.08,5.96,-0.03,5.36,-0.14,3.78,0.15,108,-0.01,0,0,9.7,0.62,546,0.081,0,0.066,-0.33,0,0,0,0,114,0.01,20,-0.33,0.084,-0.01
Muma,tank,Orisa,tank,18,8837,993,0.76,0,0.24,0.63,0.042,0.328,0.092,0.01,3.46,0.06,4.41,-0.25,2.99,0.13,129,0.08,0,0,1.8,-0.73,192,0.031,-0.28,0.047,-0.33,0,0,0,0,134,0.05,15,-0.21,0.091,-0.12
Muma,tank,Reinhardt,tank,82,2144,1114,0.9,0,0.1,0.612,0.061,0.327,0.159,-0.04,5.88,0.05,6.44,-0.04,3.64,0.05,90,-0.07,0,0,28.8,2.6,49,0.082,-0.05,0.041,-0.67,0,0,0,0,82,-0.21,31,-0.13,0.083,0.89
Muma,off tank,Roadhog,tank,90,998,661,0.26,0,0.74,0.389,0.111,0.5,0.1,-0.58,3.01,-0.62,9.02,0.56,5.41,0.82,76,-0.3,0,0,4,-0.09,18,0.056,-0.62,0.056,-0.36,0,0,0,0,92,-0.19,15,-0.49,0.111,0.29
Poko,flex,D.Va,tank,148,29153,1061,0.53,0.04,0.44,0.468,0.044,0.487,0.192,0.07,6.98,0.15,4.61,0,0,-1,NaN,NaN,NaN,NaN,NaN,NaN,585,0.077,0.03,0.032,-0.06,0,0,0,0,NaN,NaN,NaN,NaN,NaN,NaN
Danteh,dps,Genji,offense,111,2558,993,0.19,0,0.81,0.39,0.017,0.593,0.259,0.05,8.44,-0.03,9.38,0.54,4.93,0.35,68,-0.28,0,0,6,-0.47,59,0.085,-0.35,0.203,1.21,0,0,0,0,71,-0.26,31,-0.01,0.048,0.3
Danteh,dps,Tracer,offense,151,28682,938,0.35,0.05,0.59,0.401,0.068,0.531,0.251,-0.01,8.05,-0.09,5.65,-0.03,6.36,0.2,69,-0.03,0,0,0.9,-0.83,589,0.11,-0.16,0.085,-0.01,0,0,0,0,70,-0.09,22,-0.11,0.09,0.14
Danteh,dps,Junkrat,defense,26,5306,1022,0.44,0.08,0.48,0.611,0.018,0.372,0.294,0,9.95,-0.05,6.11,-0.06,4.52,-0.02,81,0.01,0,0,5.6,-0.19,113,0.195,-0.02,0.106,-0.01,0,0,0,0,85,0.02,21,0.11,0.1,-0.21
Bani,dps,Mercy,support,73,27384,1057,0.73,0,0.27,0.553,0.042,0.405,0.005,-0.37,0.18,-0.32,4.4,-0.12,3.86,0.03,101,0.05,0,0,3.6,-0.2,566,0.002,1,0.053,-0.17,0,0,0,0,90,-0.01,31,0.04,0.04,-0.38
Bischu,Flex,D.Va,tank,148,34533,867,0.41,0,0.59,0.454,0.061,0.485,0.177,-0.01,5.89,-0.03,5.16,0.12,0,-1,NaN,NaN,NaN,NaN,NaN,NaN,707,0.074,-0.01,0.033,-0.03,0,0,0,0,NaN,NaN,NaN,NaN,NaN,NaN
silkthread,dps,Genji,offense,111,3760,925,0.13,0.3,0.58,0.478,0.043,0.478,0.178,-0.28,7.18,-0.17,8.3,0.36,3.83,0.05,89,-0.06,0,0,23,1.04,69,0.116,-0.11,0.101,0.1,0,0,0,0,98,0.02,44,0.41,0,0
silkthread,dps,Pharah,offense,70,2584,887,0.88,0.12,0,0.538,0.019,0.442,0.208,-0.28,8.13,-0.2,5.11,-0.17,3.48,-0.03,100,0.1,0,0,12.8,0.08,52,0.115,-0.29,0.096,0.14,0,0,0,0,99,0.05,47,0.48,0,0
silkthread,dps,Tracer,offense,151,1153,1131,0.95,0.05,0,0.708,0.083,0.208,0.198,-0.22,9.89,0.12,5.72,-0.01,7.29,0.38,59,-0.17,0,0,6.9,0.33,24,0.125,-0.05,0,0,0,0,0,0,73,-0.05,15,-0.39,0.083,0.05
silkthread,dps,Soldier: 76,offense,148,4073,1131,0.81,0.17,0.02,0.53,0.084,0.386,0.242,0.02,8.54,0.08,4.27,-0.26,3.54,0,102,0.05,0,0,22,1.97,83,0.084,-0.29,0.108,0.15,0,0,0,0,100,0.04,42,0.32,0.042,-0.25
Eqo,dps,Genji,offense,111,4619,1265,1,0,0,0.591,0.045,0.364,0.303,0.22,12.86,0.48,5.07,-0.17,4.81,0.31,74,-0.22,0,0,17.1,0.51,88,0.216,0.65,0.125,0.36,0,0,0,0,71,-0.26,36,0.16,0.25,5.76
NotE,dps,D.Va,tank,148,25601,1037,0.52,0,0.48,0.505,0.045,0.45,0.2,0.11,7.69,0.26,5.18,0.12,0,-1,NaN,NaN,NaN,NaN,NaN,NaN,509,0.088,0.17,0.022,-0.35,0,0,0,0,NaN,NaN,NaN,NaN,NaN,NaN
Closer,Support,Mercy,support,73,5166,1103,0.59,0,0.41,0.495,0.076,0.429,0.003,-0.55,0.12,-0.55,4.41,-0.12,4.41,0.18,79,-0.18,0,0,18.7,3.16,105,0,0,0.048,-0.25,0,0,0,0,84,-0.07,29,-0.02,0.139,1.14
Closer,Support,Lucio,support,134,6509,1235,0.55,0,0.45,0.481,0.044,0.474,0.068,-0.04,2.3,-0.04,3.69,-0.32,4.52,0.56,92,-0.23,0,0,10.7,0.53,135,0.03,0.15,0.03,-0.55,0,0,0,0,109,-0.1,15,-0.48,0.184,2.07
FaTe,tank,Winston,tank,123,30668,1087,0.52,0.13,0.35,0.486,0.06,0.454,0.199,0.12,7.36,0.2,6.4,0.03,3.8,0.15,99,-0.09,0,0,8.9,0.48,601,0.088,0.09,0.125,0.28,0,0,0,0,104,-0.08,30,-0.03,0.103,0.21
FaTe,tank,Orisa,tank,18,6319,973,0.64,0.07,0.3,0.57,0.047,0.383,0.112,0.23,4.46,0.36,5.79,-0.02,2.28,-0.14,140,0.17,0,0,9.6,0.45,128,0.063,0.47,0.086,0.23,0,0,0,0,137,0.08,29,0.54,0,0
FaTe,tank,Reinhardt,tank,82,3086,1161,0.74,0,0.26,0.472,0,0.528,0.226,0.36,7.39,0.32,6.42,-0.05,4.08,0.18,91,-0.07,0,0,25,2.13,72,0.153,0.78,0.125,0,0,0,0,0,76,-0.27,30,-0.14,0.095,1.16
Asher,dps,Tracer,offense,151,16911,980,0.45,0,0.55,0.475,0.05,0.475,0.255,0.01,9.3,0.05,5.96,0.03,6.07,0.15,76,0.07,0,0,9.8,0.88,358,0.123,-0.06,0.095,0.1,0,0,0,0,81,0.05,20,-0.2,0.094,0.19
Asher,dps,Widowmaker,defense,42,2394,683,0.28,0,0.72,0.404,0.021,0.574,0.256,0,7.52,-0.16,7.77,0.31,4.26,0,86,0.06,0,0,13.4,0.89,47,0.106,-0.45,0.17,0.48,0,0,0,0,89,0.08,3,-0.58,0.235,-0.2
Envy,flex,D.Va,tank,148,34763,1163,0.55,0.13,0.32,0.496,0.054,0.451,0.214,0.19,7.91,0.3,4.76,0.03,0,-1,NaN,NaN,NaN,NaN,NaN,NaN,688,0.094,0.25,0.032,-0.06,0,0,0,0,NaN,NaN,NaN,NaN,NaN,NaN
Envy,flex,Roadhog,tank,90,3677,995,0.53,0,0.47,0.453,0.053,0.493,0.268,0.12,9.14,0.16,6.04,0.04,3.26,0.1,111,0.02,0,0,1.7,-0.61,75,0.107,-0.28,0.133,0.51,0,0,0,0,119,0.05,25,-0.14,0.105,0.22
Xepher,flex,D.Va,tank,148,6577,1072,0.86,0,0.14,0.604,0.043,0.353,0.161,-0.1,6.2,0.02,4.2,-0.09,0,-1,NaN,NaN,NaN,NaN,NaN,NaN,139,0.094,0.25,0.029,-0.15,0,0,0,0,NaN,NaN,NaN,NaN,NaN,NaN
uNdeAD,dps,Mccree,offense,67,11833,880,0.24,0.01,0.75,0.363,0.04,0.597,0.34,0.27,9.99,0.06,8.92,0.32,4.72,0.24,75,-0.01,0,0,18,0.78,248,0.165,0.03,0.129,0.08,0,0,0,0,77,-0.05,22,-0.23,0.094,-0.27
uNdeAD,dps,Widowmaker,defense,42,9161,762,0.22,0.01,0.76,0.32,0.056,0.624,0.307,0.2,7.92,-0.12,7.6,0.28,4.26,0,89,0.09,0,0,-2.4,-1.34,197,0.168,-0.12,0.142,0.23,0,0,0,0,82,0.01,8,-0.05,0.323,0.11
uNdeAD,dps,Soldier: 76,offense,148,6138,906,0.06,0.06,0.88,0.37,0.055,0.575,0.275,0.16,7.33,-0.07,8.02,0.38,4.01,0.13,88,-0.09,0,0,8.9,0.2,127,0.134,0.14,0.087,-0.07,0,0,0,0,85,-0.12,20,-0.37,0,0
uNdeAD,dps,Reaper,offense,57,1703,792,0.06,0.01,0.93,0.243,0,0.757,0.25,-0.13,5.99,-0.4,9.86,0.41,3.88,0.35,82,-0.13,0,0,32.8,1.26,37,0.108,-0.35,0.054,-0.45,0,0,0,0,90,-0.13,36,0.14,0.182,1.94
uNdeAD,off tank,Roadhog,tank,90,1079,714,0.56,0,0.44,0.435,0.043,0.522,0.121,-0.49,3.89,-0.51,7.23,0.25,3.34,0.12,94,-0.13,0,0,36.5,7.3,23,0.087,-0.41,0.13,0.48,0,0,0,0,96,-0.15,3,-0.91,0.167,0.94
uNdeAD,dps,Sombra,offense,60,992,732,0.11,0,0.89,0.15,0.15,0.7,0.278,0.97,6.05,0.26,10.28,0.83,4.23,-0.2,88,0.31,0,0,5,-0.18,20,0.05,-0.37,0.25,1.69,0,0,0,0,88,0.31,20,-0.19,0,0
uNdeAD,dps,Tracer,offense,151,2283,284,0,0.2,0.8,0.152,0,0.848,0.281,0.11,4.21,-0.53,11.3,0.95,5.26,-0.01,73,0.02,0,0,8.3,0.6,46,0.087,-0.34,0.196,1.28,0,0,0,0,76,-0.01,14,-0.44,0.05,-0.37
mg,off tank,D.Va,tank,148,19378,615,0.14,0.06,0.8,0.299,0.043,0.657,0.23,0.29,5.88,-0.03,7.09,0.54,0,-1,NaN,NaN,NaN,NaN,NaN,NaN,391,0.074,-0.01,0.038,0.12,0,0,0,0,NaN,NaN,NaN,NaN,NaN,NaN
mg,off tank,Roadhog,tank,90,1097,808,0.36,0,0.64,0.259,0.148,0.593,0.333,0.4,6.56,-0.17,8.2,0.42,3.28,0.1,91,-0.16,0,0,7.4,0.68,27,0.074,-0.5,0.074,-0.16,0,0,0,0,95,-0.16,24,-0.19,0,0
mg,off tank,Zarya,tank,116,1054,963,0,0,1,0.464,0,0.536,0.17,-0.03,4.55,-0.24,6.26,0.12,3.98,0.43,95,-0.17,0,0,25,0.87,28,0.036,-0.49,0,0,0,0,0,0,85,-0.28,22,-0.18,0,0
Roshan,tank,Winston,tank,123,25320,522,0.16,0.04,0.8,0.3,0.049,0.651,0.136,-0.23,3.53,-0.42,9.53,0.54,3.74,0.14,111,0.02,0,0,4.8,-0.2,513,0.035,-0.57,0.191,0.95,0,0,0,0,116,0.03,16,-0.49,0.169,0.99
Roshan,tank,Orisa,tank,18,4889,860,0.32,0,0.68,0.414,0.069,0.517,0.102,0.12,2.95,-0.1,7.61,0.29,2.21,-0.16,106,-0.11,0,0,17,1.58,116,0.026,-0.4,0.095,0.36,0,0,0,0,115,-0.09,17,-0.12,0.167,0.61
Roshan,tank,Reinhardt,tank,82,2243,604,0.26,0,0.74,0.481,0,0.519,0.088,-0.47,2.68,-0.52,9.1,0.35,3.75,0.08,118,0.22,0,0,23.4,1.93,52,0.019,-0.78,0.231,0.85,0,0,0,0,127,0.22,12,-0.66,0,0
Freefeel,Support,Zenyatta,support,112,27387,826,0.18,0.04,0.78,0.312,0.044,0.644,0.091,-0.13,2.41,-0.35,7.03,0.13,3.9,0.14,104,0.02,0,0,-2.5,-1.4,564,0.043,-0.22,0.09,-0.15,0,0,0,0,107,0.01,26,-0.12,0.057,-0.3
Freefeel,Support,Ana,support,112,1607,942,0.21,0,0.79,0.486,0.081,0.432,0,-1,0,-1,4.85,-0.12,4.11,0,83,-0.04,0,0,-8.6,-2.16,37,0,0,0.054,-0.36,NaN,NaN,NaN,NaN,88,0.04,10,-0.68,0,0
FiveKing,Support,Lucio,support,134,4215,1030,0.17,0,0.83,0.366,0.043,0.591,0.07,-0.01,1.85,-0.23,5.12,-0.06,3.84,0.33,92,-0.23,0,0,4.3,-0.39,93,0.022,-0.15,0.043,-0.35,0,0,0,0,102,-0.16,23,-0.22,0.074,0.23
FiveKing,Support,Mercy,support,73,7779,852,0.18,0,0.82,0.281,0.063,0.656,0,-1,0,-1,5.63,0.12,3.47,-0.07,106,0.11,0,0,-8.6,-2.91,160,0,0,0.05,-0.22,NaN,NaN,NaN,NaN,102,0.13,27,-0.09,0.067,0.03
Fury,Flex,D.Va,tank,148,29511,1126,0.64,0,0.36,0.543,0.058,0.399,0.177,-0.01,6.81,0.12,4.05,-0.12,0,-1,NaN,NaN,NaN,NaN,NaN,NaN,602,0.07,-0.07,0.02,-0.41,0,0,0,0,NaN,NaN,NaN,NaN,NaN,NaN
Fury,Flex,Roadhog,tank,90,2420,1198,1,0,0,0.849,0.038,0.113,0.214,-0.11,9.42,0.19,3.22,-0.44,3.47,0.17,98,-0.09,0,0,-21.3,-5.84,53,0.113,-0.24,0.094,0.07,0,0,0,0,113,0,40,0.37,0.077,-0.1
Boombox,Support,Zenyatta,support,112,31109,1043,0.54,0.03,0.43,0.464,0.054,0.482,0.091,-0.13,3.3,-0.11,6.19,0,4.01,0.17,96,-0.06,0,0,6,-0.05,625,0.048,-0.13,0.104,-0.02,0,0,0,0,100,-0.05,34,0.13,0.05,-0.38
Boombox,Support,Mercy,support,73,2674,1139,0.37,0,0.63,0.455,0.018,0.527,0.006,-0.23,0.22,-0.13,4.26,-0.15,4.26,0.14,95,-0.01,0,0,4.5,0,55,0,0,0.073,0.14,0,0,0,0,86,-0.06,15,-0.51,0,0
Boombox,Support,Moira,support,12,1502,1322,0.84,0,0.16,0.714,0.036,0.25,0.096,0.1,3.6,0.23,3.2,-0.44,5.59,0.04,57,-0.12,0,0,17.5,0.92,28,0,0,0.071,-0.25,0,0,0,0,53,-0.1,15,-0.13,0.286,1.13
Gido,flex,Zenyatta,support,112,4977,861,0.16,0.21,0.63,0.406,0.079,0.515,0.089,-0.15,2.77,-0.25,7.35,0.18,3.86,0.12,100,-0.01,0,0,-4.9,-1.78,101,0.05,-0.09,0.129,0.22,0,0,0,0,97,-0.08,35,0.18,0.031,-0.62
BigG00se,Support,Mercy,support,73,24629,993,0.31,0,0.69,0.444,0.072,0.483,0.017,1.36,0.56,1.16,4.85,-0.03,3.85,0.03,98,0.02,0,0,1.6,-0.64,511,0.008,7,0.07,0.09,0,0,0,0,93,0.02,21,-0.29,0.032,-0.51
BigG00se,Support,Lucio,support,134,10284,1047,0.63,0,0.37,0.469,0.023,0.507,0.086,0.22,3.03,0.26,5.78,0.06,3.44,0.19,112,-0.06,0,0,17.8,1.54,213,0.047,0.81,0.056,-0.15,0,0,0,0,115,-0.05,20,-0.32,0.086,0.43
ArK,Support,Mercy,support,73,35904,1229,0.65,0.06,0.3,0.546,0.055,0.399,0.004,-0.45,0.15,-0.42,3.07,-0.39,3.96,0.06,95,-0.01,0,0,2.6,-0.42,712,0,0,0.037,-0.42,0,0,0,0,87,-0.05,32,0.08,0.048,-0.26
ArK,Support,Lucio,support,134,1162,1181,0.28,0,0.72,0.529,0.059,0.412,0.05,-0.3,2.58,0.07,5.16,-0.05,2.58,-0.11,72,-0.4,0,0,-2.9,-1.41,17,0,0,0,0,0,0,0,0,77,-0.37,25,-0.15,0,0
Wekeed,dps,Junkrat,defense,26,6952,1061,0.66,0.08,0.26,0.562,0.041,0.397,0.295,0.01,10.96,0.05,6.21,-0.04,4.32,-0.07,89,0.11,0,0,21.6,2.13,146,0.164,-0.17,0.089,-0.17,0,0,0,0,94,0.13,28,0.52,0.02,-0.84
Wekeed,dps,Tracer,offense,151,1729,1067,0.68,0,0.32,0.424,0.061,0.515,0.282,0.12,10.76,0.21,6.59,0.14,5.9,0.12,77,0.09,0,0,19.1,2.67,33,0.091,-0.31,0.152,0.77,0,0,0,0,76,-0.01,20,-0.17,0,0
Wekeed,dps,Genji,offense,111,2789,1235,0.51,0.19,0.3,0.474,0,0.526,0.304,0.23,10.54,0.22,6.24,0.02,4.52,0.23,75,-0.21,0,0,11.5,0.02,57,0.105,-0.2,0.123,0.34,0,0,0,0,77,-0.19,44,0.4,0,0
HOTBA,Flex,D.Va,tank,148,9924,983,0.5,0,0.5,0.467,0.072,0.462,0.173,-0.04,6.29,0.03,4.47,-0.03,0,-1,NaN,NaN,NaN,NaN,NaN,NaN,195,0.051,-0.32,0.015,-0.56,0,0,0,0,NaN,NaN,NaN,NaN,NaN,NaN
Gesture,tank,Winston,tank,123,31978,1082,0.66,0,0.34,0.521,0.052,0.427,0.186,0.05,7.11,0.16,5.93,-0.04,4,0.21,103,-0.06,0,0,11,0.83,653,0.067,-0.17,0.109,0.11,0,0,0,0,114,0.01,21,-0.32,0.157,0.85
Gesture,tank,Orisa,tank,18,4744,1076,0.7,0,0.3,0.667,0.048,0.286,0.106,0.17,4.05,0.24,5.19,-0.12,3.92,0.48,82,-0.31,0,0,5.6,-0.15,105,0.067,0.56,0.048,-0.31,0,0,0,0,127,0,8,-0.56,0.2,0.92
Gesture,tank,Reinhardt,tank,82,2078,1109,0.62,0,0.38,0.533,0.044,0.422,0.18,0.08,5.77,0.03,6.35,-0.06,3.75,0.08,87,-0.11,0,0,13.3,0.66,45,0.111,0.29,0.133,0.06,0,0,0,0,98,-0.06,46,0.3,0.083,0.89
Profit,dps,Genji,offense,111,10040,1024,0.61,0,0.39,0.449,0.066,0.485,0.267,0.08,10.34,0.19,6.51,0.07,3.82,0.05,104,0.09,0,0,17.3,0.53,198,0.136,0.04,0.096,0.04,0,0,0,0,111,0.16,31,-0.02,0.066,0.78
Profit,dps,Junkrat,defense,26,9372,1196,0.63,0,0.37,0.618,0.04,0.342,0.309,0.05,11.4,0.09,5.19,-0.2,6.27,0.36,62,-0.23,0,0,3.8,-0.45,199,0.206,0.04,0.095,-0.11,0,0,0,0,79,-0.05,13,-0.29,0.227,0.79
Profit,dps,Tracer,offense,151,14695,1222,0.7,0,0.3,0.595,0.046,0.359,0.245,-0.03,10.09,0.14,4.25,-0.27,6.74,0.27,60,-0.15,0,0,4,-0.23,304,0.148,0.13,0.063,-0.27,0,0,0,0,76,-0.02,16,-0.35,0.145,0.84
Hooreg,dps,Pharah,offense,70,1781,951,0.92,0,0.08,0.667,0,0.333,0.225,-0.22,9.1,-0.1,6.74,0.09,4.72,0.31,65,-0.28,0,0,16.7,0.4,36,0.083,-0.49,0.194,1.31,0,0,0,0,73,-0.23,19,-0.42,0.143,1.55
Hooreg,dps,Mccree,offense,67,1179,951,0.7,0,0.3,0.565,0.087,0.348,0.207,-0.23,8.65,-0.08,5.6,-0.17,3.05,-0.2,80,0.06,0,0,26.8,1.65,23,0.087,-0.46,0.174,0.45,0,0,0,0,72,-0.11,34,0.17,0,0
Hooreg,dps,Widowmaker,defense,42,941,969,0.7,0,0.3,0.435,0.087,0.478,0.259,0.01,9.56,0.07,6.38,0.07,3.83,-0.1,93,0.14,0,0,36.5,4.14,23,0.13,-0.32,0.13,0.13,0,0,0,0,69,-0.16,0,-1,0,0
HagoPeun,Support,Zenyatta,support,112,9621,993,0.57,0,0.43,0.48,0.056,0.465,0.095,-0.09,3.24,-0.13,6.55,0.05,4.74,0.38,86,-0.16,0,0,10.8,0.71,198,0.051,-0.07,0.152,0.43,0,0,0,0,94,-0.11,25,-0.17,0.123,0.52
HagoPeun,dps,Sombra,offense,60,1104,1230,1,0,0,0.652,0.087,0.261,0.117,-0.17,4.89,0.02,3.26,-0.42,7.07,0.33,49,-0.27,0,0,7.5,0.23,23,0,0,0.13,0.4,0,0,0,0,58,-0.14,24,0.01,0,0
Neko,dps,Bastion,defense,4,975,799,0.3,0,0.7,0.579,0,0.421,0.169,-0.26,6.77,-0.24,7.38,0,2.46,-0.17,89,-0.05,0,0,-32.9,-3.91,19,0.105,-0.12,0.105,-0.19,0,0,0,0,89,-0.06,70,1.26,0,0
Neko,Support,Zenyatta,support,112,28959,1104,0.52,0,0.48,0.504,0.048,0.449,0.132,0.25,5.12,0.38,7.13,0.15,3.77,0.1,99,-0.03,0,0,2.8,-0.56,566,0.076,0.38,0.129,0.22,0,0,0,0,104,-0.01,33,0.1,0.101,0.25
Neko,Support,Lucio,support,134,2969,784,0.5,0,0.5,0.444,0.056,0.5,0.066,-0.06,2.43,0.01,7.68,0.41,3.23,0.11,103,-0.13,0,0,-6,-1.86,54,0.019,-0.27,0.074,0.12,0,0,0,0,102,-0.15,22,-0.25,0.067,0.12
Neko,Support,Ana,support,112,2216,1299,0.28,0,0.72,0.37,0.043,0.587,0.054,-0.04,1.62,-0.1,5.14,-0.07,6.23,0.51,67,-0.23,0,0,3,-0.59,46,0.022,-0.08,0.109,0.28,0,0,0,0,58,-0.31,14,-0.54,0,0
Neko,Support,Moira,support,12,2988,1189,0.2,0,0.8,0.453,0.047,0.5,0.084,-0.03,3.01,0.03,5.62,-0.01,6.22,0.16,60,-0.08,0,0,8.9,-0.02,64,0.063,1.33,0.078,-0.18,0,0,0,0,53,-0.11,17,-0.01,0.161,0.2
Neko,off tank,Roadhog,tank,90,951,1087,0.8,0,0.2,0.615,0,0.385,0.237,-0.01,8.83,0.12,6.31,0.09,4.42,0.49,60,-0.45,0,0,-21.5,-5.89,26,0.192,0.3,0.077,-0.12,0,0,0,0,79,-0.31,31,0.05,0.286,2.33
Kalios, off tank,D.Va,tank,148,12347,1010,0.42,0,0.58,0.471,0.053,0.475,0.19,0.06,7.14,0.17,5.44,0.18,0,-1,NaN,NaN,NaN,NaN,NaN,NaN,244,0.094,0.25,0.057,0.68,0,0,0,0,NaN,NaN,NaN,NaN,NaN,NaN
Kalios,off tank,Zarya,tank,116,2550,799,0.15,0,0.85,0.431,0.052,0.517,0.177,0.01,6.12,0.02,8.24,0.47,4,0.43,98,-0.14,0,0,16.9,0.26,58,0.034,-0.51,0.086,0.25,0,0,0,0,88,-0.26,18,-0.32,0.059,0.26
Bdosin,Support,Zenyatta,support,112,28549,1209,0.68,0,0.32,0.563,0.054,0.382,0.137,0.31,5.46,0.47,5.86,-0.06,3.76,0.1,97,-0.05,0,0,3.5,-0.44,591,0.098,0.78,0.083,-0.22,0,0,0,0,101,-0.04,39,0.31,0.089,0.1
Bdosin,Support,Ana,support,112,1339,1346,0.91,0,0.09,0.786,0,0.214,0.082,0.47,3.58,0.99,4.48,-0.19,2.69,-0.35,93,0.07,0,0,-28.6,-4.86,28,0.071,1.96,0.036,-0.58,0,0,0,0,94,0.12,47,0.55,0.333,5.17
Bdosin,Support,Moira,support,12,1148,964,0.62,0,0.38,0.5,0,0.5,0.058,-0.34,1.57,-0.46,5.23,-0.08,4.7,-0.13,69,0.06,0,0,16.7,0.84,24,0,0,0.083,-0.13,0,0,0,0,70,0.19,17,0.02,0.111,-0.17
JJoNak,Support,Zenyatta,support,112,39926,1233,0.63,0.04,0.32,0.54,0.057,0.403,0.143,0.36,5.32,0.43,5.91,-0.05,3.86,0.12,91,-0.11,0,0,1.6,-0.75,792,0.087,0.58,0.093,-0.12,0,0,0,0,96,-0.09,42,0.42,0.089,0.1
JJoNak,Support,Moira,support,12,1049,1336,0.1,0,0.9,0.571,0.048,0.381,0.107,0.23,5.15,0.77,6.29,0.11,5.15,-0.04,49,-0.25,0,0,-7.1,-1.78,21,0.095,2.52,0.095,0,0,0,0,0,45,-0.24,37,1.22,0.222,0.66
JJoNak,Support,Ana,support,112,1543,1381,0.6,0.21,0.19,0.656,0.063,0.281,0.069,0.25,2.72,0.51,3.89,-0.29,7,0.7,66,-0.24,0,0,7.1,-0.04,32,0.063,1.63,0.094,0.11,0,0,0,0,73,-0.13,6,-0.8,0.222,3.11
Altering,Support,Mercy,support,73,21177,960,0.19,0,0.8,0.32,0.043,0.638,0.009,0.18,0.23,-0.13,5.1,0.02,4.05,0.08,99,0.03,0,0,3.3,-0.27,447,0,0,0.072,0.13,0,0,0,0,92,0.01,20,-0.32,0.049,-0.25
Altering,Support,Lucio,support,134,1105,970,0.1,0.41,0.5,0.318,0,0.682,0.024,-0.65,0.54,-0.77,4.34,-0.2,2.71,-0.06,126,0.06,0,0,8.2,0.17,22,0,0,0.045,-0.32,0,0,0,0,136,0.13,25,-0.14,0,0
Altering,Support,Moira,support,12,2329,1120,0.4,0.01,0.59,0.42,0.06,0.52,0.072,-0.17,2.06,-0.29,5.41,-0.05,6.18,0.15,74,0.14,0,0,16.8,0.85,50,0.04,0.48,0.06,-0.37,0,0,0,0,68,0.15,11,-0.35,0.208,0.55
Altering,Support,Zenyatta,support,112,1172,733,0,0,1,0.5,0.036,0.464,0.016,-0.85,0.51,-0.86,6.66,0.07,4.61,0.34,100,-0.01,0,0,-7.1,-2.13,28,0,0,0.036,-0.66,0,0,0,0,95,-0.11,18,-0.4,0.222,1.74
